Time	Open	High	Low	Close	Volume
2025.08.08 00:00	0.81919	0.81919	0.81919	0.81919	1
2025.08.08 00:01	0.81445	0.81478	0.81445	0.81476	4
2025.08.08 00:02	ERROR	ERROR	ERROR	ERROR	ERROR
2025.08.08 00:03	ERROR	ERROR	ERROR	ERROR	ERROR
2025.08.08 00:04	ERROR	ERROR	ERROR	ERROR	ERROR
2025.08.08 00:05	0.81478	0.81494	0.81478	0.81494	2
2025.08.08 00:06	0.81768	0.81768	0.81768	0.81768	1
2025.08.08 00:07	0.81768	0.81768	0.81768	0.81768	1
2025.08.08 00:08	0.81768	0.81768	0.81765	0.81768	3
2025.08.08 00:09	0.81768	0.81768	0.81766	0.81766	3
2025.08.08 00:10	0.81766	0.81767	0.81758	0.81767	6
2025.08.08 00:11	0.81767	0.81768	0.81767	0.81768	2
2025.08.08 00:12	0.81768	0.81768	0.81754	0.81757	7
2025.08.08 00:13	0.81757	0.81757	0.81754	0.81757	7
2025.08.08 00:14	0.81757	0.81766	0.81753	0.81766	8
2025.08.08 00:15	0.81766	0.81787	0.81766	0.81784	4
2025.08.08 00:16	0.81784	0.81805	0.81783	0.81802	33
2025.08.08 00:17	0.81804	0.81805	0.81791	0.81805	6
2025.08.08 00:18	0.81805	0.81815	0.81802	0.81813	11
2025.08.08 00:19	0.81813	0.81822	0.81811	0.81822	13
2025.08.08 00:20	0.81737	0.81737	0.81726	0.81729	13
2025.08.08 00:21	0.81729	0.81731	0.81725	0.81731	14
2025.08.08 00:22	0.81731	0.81735	0.81726	0.81735	16
2025.08.08 00:23	0.81735	0.81735	0.81725	0.81728	10
2025.08.08 00:24	0.81727	0.81743	0.81725	0.8174	16
2025.08.08 00:25	0.8174	0.8176	0.81737	0.81759	16
2025.08.08 00:26	0.81759	0.81791	0.81759	0.81787	5
2025.08.08 00:27	0.81787	0.8183	0.81787	0.81829	13
2025.08.08 00:28	0.81829	0.8183	0.81824	0.81829	14
2025.08.08 00:29	0.81829	0.81831	0.81818	0.81822	25
2025.08.08 00:30	0.81822	0.81824	0.81816	0.81821	13
2025.08.08 00:31	0.81825	0.8183	0.8182	0.8183	9
2025.08.08 00:32	0.8183	0.81844	0.81826	0.8183	8
2025.08.08 00:33	0.8183	0.81853	0.81829	0.81833	11
2025.08.08 00:34	0.81833	0.81851	0.81824	0.81838	11
2025.08.08 00:35	0.81838	0.81844	0.81836	0.81836	8
2025.08.08 00:36	0.81836	0.81858	0.81836	0.81843	26
2025.08.08 00:37	0.81843	0.81854	0.81835	0.81836	21
2025.08.08 00:38	0.81836	0.81896	0.81835	0.81896	20
2025.08.08 00:39	0.81896	0.81898	0.81895	0.81898	3
2025.08.08 00:40	0.81898	0.81898	0.81825	0.81861	23
2025.08.08 00:41	0.81861	0.81875	0.81861	0.81869	6
2025.08.08 00:42	0.81869	0.81874	0.81869	0.81874	2
2025.08.08 00:43	0.81874	0.81874	0.8187	0.8187	4
2025.08.08 00:44	0.8187	0.81872	0.81868	0.81868	3
2025.08.08 00:45	0.81868	0.81868	0.81865	0.81865	3
2025.08.08 00:46	0.81865	0.81869	0.81865	0.81869	4
2025.08.08 00:47	0.81869	0.81869	0.81869	0.81869	1
2025.08.08 00:48	0.81869	0.8187	0.81866	0.8187	3
2025.08.08 00:49	0.8187	0.81875	0.81869	0.81869	3
2025.08.08 00:50	0.81869	0.81875	0.81868	0.8187	6
2025.08.08 00:51	0.8187	0.8187	0.81865	0.81868	4
2025.08.08 00:52	0.81868	0.8187	0.81857	0.8187	6
2025.08.08 00:53	0.8187	0.81875	0.81865	0.81869	7
2025.08.08 00:54	0.81869	0.81874	0.81868	0.81871	6
2025.08.08 00:55	0.81871	0.81871	0.81859	0.81862	8
2025.08.08 00:56	0.81862	0.81871	0.81862	0.81868	4
2025.08.08 00:57	0.81868	0.81872	0.81867	0.81868	9
2025.08.08 00:58	0.81868	0.8187	0.81868	0.8187	3
2025.08.08 00:59	0.8187	0.81874	0.81864	0.81874	6
2025.08.08 01:00	0.81871	0.81928	0.81846	0.81928	16
2025.08.08 01:01	0.81928	0.81928	0.8192	0.8192	13
2025.08.08 01:02	0.8192	0.81936	0.8192	0.81936	13
2025.08.08 01:03	0.81936	0.81941	0.8192	0.8192	13
2025.08.08 01:04	0.8192	0.81922	0.81908	0.81914	12
2025.08.08 01:05	0.81914	0.81914	0.81886	0.81894	14
2025.08.08 01:06	0.81894	0.81896	0.8189	0.81896	18
2025.08.08 01:07	0.81896	0.81896	0.8189	0.81894	13
2025.08.08 01:08	0.81894	0.81897	0.81892	0.81897	21
2025.08.08 01:09	0.81898	0.81905	0.81895	0.81904	23
2025.08.08 01:10	0.81906	0.81911	0.81903	0.81904	21
2025.08.08 01:11	0.81903	0.81905	0.81898	0.81898	14
2025.08.08 01:12	0.81898	0.81902	0.81898	0.81901	13
2025.08.08 01:13	0.81901	0.81904	0.81901	0.81902	5
2025.08.08 01:14	0.81904	0.81907	0.81902	0.81907	15
2025.08.08 01:15	0.81905	0.81913	0.81905	0.81913	101
2025.08.08 01:16	0.81913	0.81913	0.81907	0.81907	48
2025.08.08 01:17	0.81909	0.81909	0.81901	0.81905	38
2025.08.08 01:18	0.81905	0.81906	0.819	0.819	41
2025.08.08 01:19	0.819	0.81904	0.819	0.81903	105
2025.08.08 01:20	0.81903	0.81904	0.81902	0.81903	56
2025.08.08 01:21	0.81903	0.81904	0.81895	0.819	50
2025.08.08 01:22	0.81899	0.819	0.81896	0.81896	16
2025.08.08 01:23	0.81897	0.81897	0.81894	0.81896	19
2025.08.08 01:24	0.81896	0.81898	0.81893	0.81894	50
2025.08.08 01:25	0.81893	0.81896	0.8189	0.81893	21
2025.08.08 01:26	0.81893	0.81897	0.81893	0.81896	20
2025.08.08 01:27	0.81896	0.81897	0.81893	0.81897	63
2025.08.08 01:28	0.81896	0.81899	0.81893	0.81897	19
2025.08.08 01:29	0.81897	0.81897	0.81894	0.81894	4
2025.08.08 01:30	0.81894	0.81895	0.8189	0.81891	41
2025.08.08 01:31	0.81891	0.81895	0.8189	0.8189	25
2025.08.08 01:32	0.81891	0.81905	0.8189	0.81903	44
2025.08.08 01:33	0.81904	0.8191	0.81898	0.81905	46
2025.08.08 01:34	0.81905	0.81907	0.81903	0.81906	17
2025.08.08 01:35	0.81906	0.81906	0.81901	0.81905	23
2025.08.08 01:36	0.81904	0.81905	0.81898	0.81901	33
2025.08.08 01:37	0.81901	0.81901	0.81896	0.819	45
2025.08.08 01:38	0.819	0.81901	0.81895	0.81897	30
2025.08.08 01:39	0.81897	0.81902	0.81895	0.81898	19
2025.08.08 01:40	0.81897	0.81906	0.81897	0.81898	29
2025.08.08 01:41	0.81898	0.81902	0.81898	0.81902	18
2025.08.08 01:42	0.81902	0.81904	0.81901	0.81903	6
2025.08.08 01:43	0.81903	0.81903	0.81899	0.81903	16
2025.08.08 01:44	0.81903	0.81914	0.81903	0.81914	25
2025.08.08 01:45	0.81914	0.81915	0.81912	0.81912	10
2025.08.08 01:46	0.81912	0.81914	0.81907	0.8191	9
2025.08.08 01:47	0.8191	0.81913	0.8191	0.81912	6
2025.08.08 01:48	0.81912	0.81918	0.8191	0.8191	43
2025.08.08 01:49	0.8191	0.81914	0.81908	0.81912	12
2025.08.08 01:50	0.81912	0.81918	0.81912	0.81914	49
2025.08.08 01:51	0.81913	0.81926	0.81913	0.81926	21
2025.08.08 01:52	0.81925	0.81939	0.81925	0.81939	10
2025.08.08 01:53	0.81938	0.8194	0.81929	0.81929	32
2025.08.08 01:54	0.81929	0.81929	0.81913	0.81917	49
2025.08.08 01:55	0.81917	0.81917	0.81909	0.81915	21
2025.08.08 01:56	0.81916	0.8192	0.81914	0.81919	14
2025.08.08 01:57	0.81919	0.81919	0.81906	0.81906	52
2025.08.08 01:58	0.81906	0.81914	0.81905	0.81914	32
2025.08.08 01:59	0.81914	0.81914	0.81901	0.81903	50
2025.08.08 02:00	0.81903	0.81913	0.81897	0.81899	51
2025.08.08 02:01	0.81899	0.8191	0.81899	0.8191	19
2025.08.08 02:02	0.8191	0.81911	0.81906	0.81911	8
2025.08.08 02:03	0.81911	0.81916	0.8191	0.81916	14
2025.08.08 02:04	0.81916	0.81919	0.81914	0.81919	8
2025.08.08 02:05	0.81919	0.81924	0.81918	0.81923	12
2025.08.08 02:06	0.81923	0.81928	0.81922	0.81927	55
2025.08.08 02:07	0.81927	0.81928	0.81922	0.81928	17
2025.08.08 02:08	0.81928	0.8194	0.81928	0.8194	22
2025.08.08 02:09	0.8194	0.8194	0.81932	0.81936	11
2025.08.08 02:10	0.81936	0.81936	0.81918	0.81923	18
2025.08.08 02:11	0.81923	0.8193	0.81923	0.81927	23
2025.08.08 02:12	0.81927	0.81935	0.81925	0.81934	44
2025.08.08 02:13	0.81933	0.81934	0.81928	0.81933	24
2025.08.08 02:14	0.81933	0.81933	0.81918	0.81919	29
2025.08.08 02:15	0.81919	0.81919	0.81915	0.81919	7
2025.08.08 02:16	0.81919	0.81926	0.81918	0.81926	7
2025.08.08 02:17	0.81926	0.81926	0.81922	0.81924	8
2025.08.08 02:18	0.81924	0.81926	0.81922	0.81926	10
2025.08.08 02:19	0.81926	0.81926	0.81922	0.81925	7
2025.08.08 02:20	0.81925	0.81929	0.81924	0.81928	14
2025.08.08 02:21	0.81928	0.81928	0.81924	0.81927	15
2025.08.08 02:22	0.81927	0.81929	0.81923	0.81923	9
2025.08.08 02:23	0.81923	0.81923	0.81914	0.81916	13
2025.08.08 02:24	0.81915	0.81921	0.81915	0.8192	28
2025.08.08 02:25	0.8192	0.81922	0.81917	0.81922	18
2025.08.08 02:26	0.81922	0.81923	0.81919	0.81919	21
2025.08.08 02:27	0.81919	0.81919	0.81913	0.81915	28
2025.08.08 02:28	0.81915	0.81917	0.81911	0.81916	46
2025.08.08 02:29	0.81914	0.81925	0.81914	0.81925	21
2025.08.08 02:30	0.81925	0.81925	0.81918	0.81918	12
2025.08.08 02:31	0.81918	0.81926	0.81918	0.81926	19
2025.08.08 02:32	0.81926	0.8193	0.81926	0.81927	11
2025.08.08 02:33	0.81927	0.8193	0.81927	0.81928	10
2025.08.08 02:34	0.81928	0.81932	0.81928	0.81931	8
2025.08.08 02:35	0.81931	0.81933	0.81931	0.81932	4
2025.08.08 02:36	0.81932	0.81933	0.81929	0.8193	11
2025.08.08 02:37	0.8193	0.8193	0.81923	0.81925	7
2025.08.08 02:38	0.81924	0.81927	0.81924	0.81927	44
2025.08.08 02:39	0.8193	0.81949	0.8193	0.81949	8
2025.08.08 02:40	0.81949	0.81959	0.81944	0.81959	16
2025.08.08 02:41	0.81959	0.81959	0.81953	0.81953	9
2025.08.08 02:42	0.81953	0.81963	0.81953	0.81963	16
2025.08.08 02:43	0.81964	0.81964	0.81961	0.81962	3
2025.08.08 02:44	0.81962	0.81962	0.81955	0.81961	6
2025.08.08 02:45	0.81961	0.81961	0.81954	0.8196	11
2025.08.08 02:46	0.8196	0.81967	0.8196	0.81967	15
2025.08.08 02:47	0.81967	0.81968	0.81963	0.81965	8
2025.08.08 02:48	0.81965	0.81968	0.81965	0.81967	13
2025.08.08 02:49	0.81966	0.81979	0.81966	0.81979	10
2025.08.08 02:50	0.81979	0.81983	0.81979	0.81983	10
2025.08.08 02:51	0.81983	0.81992	0.81983	0.81991	10
2025.08.08 02:52	0.81996	0.81997	0.81988	0.81991	11
2025.08.08 02:53	0.8199	0.8199	0.81989	0.81989	14
2025.08.08 02:54	0.81989	0.8199	0.81982	0.81982	18
2025.08.08 02:55	0.81982	0.81985	0.81974	0.81974	15
2025.08.08 02:56	0.81974	0.81974	0.81965	0.8197	10
2025.08.08 02:57	0.8197	0.8197	0.8196	0.81963	15
2025.08.08 02:58	0.81963	0.81966	0.81953	0.81961	29
2025.08.08 02:59	0.81961	0.81962	0.81944	0.81951	20
2025.08.08 03:00	0.81951	0.81968	0.81951	0.81961	41
2025.08.08 03:01	0.81961	0.81969	0.8195	0.8195	35
2025.08.08 03:02	0.8195	0.81952	0.81946	0.81952	27
2025.08.08 03:03	0.8195	0.81955	0.81939	0.81952	50
2025.08.08 03:04	0.81951	0.81969	0.81951	0.81961	39
2025.08.08 03:05	0.81962	0.81981	0.81958	0.8198	31
2025.08.08 03:06	0.81979	0.8198	0.81972	0.81973	21
2025.08.08 03:07	0.81973	0.81976	0.81967	0.81976	22
2025.08.08 03:08	0.81976	0.81986	0.81976	0.81984	19
2025.08.08 03:09	0.81984	0.81995	0.81981	0.81995	17
2025.08.08 03:10	0.81995	0.82	0.81991	0.82	22
2025.08.08 03:11	0.81999	0.8201	0.81999	0.8201	21
2025.08.08 03:12	0.8201	0.8201	0.81994	0.81997	25
2025.08.08 03:13	0.81997	0.82007	0.81996	0.82006	19
2025.08.08 03:14	0.82006	0.82006	0.81991	0.82005	28
2025.08.08 03:15	0.82005	0.82005	0.81978	0.81981	26
2025.08.08 03:16	0.81981	0.81985	0.81977	0.81979	28
2025.08.08 03:17	0.81979	0.8198	0.81974	0.81977	16
2025.08.08 03:18	0.81977	0.81986	0.8197	0.81982	24
2025.08.08 03:19	0.81978	0.81983	0.81973	0.81983	15
2025.08.08 03:20	0.81983	0.81985	0.81979	0.8198	8
2025.08.08 03:21	0.8198	0.8198	0.8197	0.81973	15
2025.08.08 03:22	0.81972	0.81975	0.81969	0.81973	25
2025.08.08 03:23	0.81973	0.81973	0.81961	0.81971	12
2025.08.08 03:24	0.81971	0.81971	0.81957	0.8196	12
2025.08.08 03:25	0.8196	0.81964	0.81958	0.81958	9
2025.08.08 03:26	0.81958	0.81958	0.81952	0.81953	10
2025.08.08 03:27	0.81953	0.81954	0.81944	0.81944	23
2025.08.08 03:28	0.81944	0.81951	0.81941	0.81948	20
2025.08.08 03:29	0.81946	0.81946	0.8194	0.81943	17
2025.08.08 03:30	0.81943	0.81943	0.81925	0.81925	19
2025.08.08 03:31	0.81925	0.81941	0.81925	0.81932	21
2025.08.08 03:32	0.81932	0.81942	0.81927	0.81941	20
2025.08.08 03:33	0.81941	0.81947	0.8193	0.81934	16
2025.08.08 03:34	0.81934	0.81936	0.81929	0.81935	9
2025.08.08 03:35	0.81935	0.81935	0.81921	0.81922	12
2025.08.08 03:36	0.81922	0.81924	0.81921	0.81923	5
2025.08.08 03:37	0.81923	0.81929	0.81919	0.81925	15
2025.08.08 03:38	0.81926	0.81926	0.81916	0.81922	14
2025.08.08 03:39	0.81921	0.81922	0.81916	0.81918	11
2025.08.08 03:40	0.81918	0.8192	0.81913	0.81915	25
2025.08.08 03:41	0.81915	0.81916	0.8191	0.8191	12
2025.08.08 03:42	0.8191	0.81915	0.81908	0.81913	8
2025.08.08 03:43	0.81913	0.81915	0.81909	0.81913	15
2025.08.08 03:44	0.81919	0.81923	0.81917	0.81923	18
2025.08.08 03:45	0.81923	0.81927	0.81918	0.81918	25
2025.08.08 03:46	0.81918	0.81926	0.81918	0.81921	27
2025.08.08 03:47	0.81921	0.81924	0.8192	0.8192	11
2025.08.08 03:48	0.8192	0.81922	0.81915	0.81916	17
2025.08.08 03:49	0.81916	0.81917	0.81911	0.81914	15
2025.08.08 03:50	0.81914	0.81914	0.81894	0.81895	25
2025.08.08 03:51	0.81895	0.81905	0.81892	0.81894	13
2025.08.08 03:52	0.81893	0.81896	0.81889	0.81896	28
2025.08.08 03:53	0.81896	0.81897	0.81889	0.81889	15
2025.08.08 03:54	0.81889	0.81894	0.81887	0.81891	41
2025.08.08 03:55	0.81891	0.81897	0.8189	0.81892	25
2025.08.08 03:56	0.81891	0.819	0.8189	0.81897	20
2025.08.08 03:57	0.81897	0.81906	0.81897	0.81902	20
2025.08.08 03:58	0.81901	0.81906	0.81897	0.81902	21
2025.08.08 03:59	0.81901	0.81909	0.81897	0.81903	32
2025.08.08 04:00	0.81903	0.81916	0.81903	0.81914	52
2025.08.08 04:01	0.81914	0.8193	0.81914	0.81928	32
2025.08.08 04:02	0.81928	0.81931	0.81924	0.81928	30
2025.08.08 04:03	0.81928	0.81928	0.8191	0.81912	24
2025.08.08 04:04	0.81912	0.81915	0.81898	0.81902	29
2025.08.08 04:05	0.81902	0.81903	0.81894	0.81894	18
2025.08.08 04:06	0.81894	0.81905	0.81894	0.81901	14
2025.08.08 04:07	0.81901	0.81901	0.81887	0.81888	24
2025.08.08 04:08	0.81888	0.81889	0.81883	0.81889	20
2025.08.08 04:09	0.81889	0.81892	0.81879	0.81891	20
2025.08.08 04:10	0.81891	0.81891	0.8188	0.81883	30
2025.08.08 04:11	0.81884	0.819	0.81884	0.81897	32
2025.08.08 04:12	0.81897	0.81897	0.81889	0.81889	15
2025.08.08 04:13	0.81889	0.81906	0.81888	0.81892	29
2025.08.08 04:14	0.81892	0.81893	0.81887	0.81888	28
2025.08.08 04:15	0.81888	0.81892	0.81882	0.8189	38
2025.08.08 04:16	0.8189	0.8189	0.81883	0.81889	18
2025.08.08 04:17	0.81889	0.8189	0.81876	0.81878	26
2025.08.08 04:18	0.81879	0.8188	0.81868	0.81868	16
2025.08.08 04:19	0.81868	0.81873	0.81868	0.81873	26
2025.08.08 04:20	0.81873	0.81875	0.81853	0.81855	34
2025.08.08 04:21	0.81855	0.81855	0.8184	0.81847	22
2025.08.08 04:22	0.81847	0.81848	0.81838	0.81839	40
2025.08.08 04:23	0.81839	0.81839	0.81832	0.81832	20
2025.08.08 04:24	0.81832	0.81838	0.8183	0.81838	13
2025.08.08 04:25	0.81838	0.8184	0.81832	0.81838	19
2025.08.08 04:26	0.81838	0.81851	0.81834	0.81841	28
2025.08.08 04:27	0.81842	0.81842	0.81834	0.8184	24
2025.08.08 04:28	0.8184	0.8186	0.8184	0.81859	26
2025.08.08 04:29	0.81859	0.81873	0.81858	0.81873	32
2025.08.08 04:30	0.81873	0.81889	0.8187	0.81888	27
2025.08.08 04:31	0.81888	0.81893	0.8188	0.81881	23
2025.08.08 04:32	0.81881	0.81885	0.81878	0.81878	19
2025.08.08 04:33	0.81875	0.81877	0.81872	0.81873	22
2025.08.08 04:34	0.81873	0.81874	0.81865	0.81869	14
2025.08.08 04:35	0.81869	0.81869	0.81855	0.81862	22
2025.08.08 04:36	0.81862	0.81863	0.8185	0.81855	40
2025.08.08 04:37	0.81855	0.81862	0.81848	0.81862	25
2025.08.08 04:38	0.81862	0.81872	0.8186	0.81866	37
2025.08.08 04:39	0.81868	0.81878	0.81867	0.81875	35
2025.08.08 04:40	0.81875	0.81878	0.81863	0.81864	29
2025.08.08 04:41	0.81864	0.81874	0.8186	0.81863	34
2025.08.08 04:42	0.81863	0.81864	0.81853	0.81857	21
2025.08.08 04:43	0.81856	0.81857	0.81846	0.81849	22
2025.08.08 04:44	0.81849	0.81853	0.81844	0.8185	29
2025.08.08 04:45	0.8185	0.81858	0.81849	0.81857	33
2025.08.08 04:46	0.81856	0.81866	0.81854	0.81858	25
2025.08.08 04:47	0.81858	0.81861	0.81853	0.81861	23
2025.08.08 04:48	0.81862	0.81872	0.8186	0.81871	26
2025.08.08 04:49	0.81871	0.81875	0.81866	0.81867	20
2025.08.08 04:50	0.81867	0.81877	0.8186	0.81877	31
2025.08.08 04:51	0.81877	0.81877	0.81868	0.81876	19
2025.08.08 04:52	0.81878	0.8188	0.81872	0.8188	27
2025.08.08 04:53	0.8188	0.81881	0.81872	0.81878	25
2025.08.08 04:54	0.81878	0.81886	0.81876	0.81886	11
2025.08.08 04:55	0.81886	0.81886	0.81875	0.81881	26
2025.08.08 04:56	0.81881	0.8189	0.81878	0.8189	42
2025.08.08 04:57	0.81889	0.81894	0.81889	0.81894	12
2025.08.08 04:58	0.81894	0.81894	0.81888	0.81893	6
2025.08.08 04:59	0.81893	0.81903	0.81891	0.81897	34
2025.08.08 05:00	0.81897	0.81906	0.81894	0.819	27
2025.08.08 05:01	0.819	0.81907	0.819	0.81903	10
2025.08.08 05:02	0.81903	0.81914	0.81903	0.81909	23
2025.08.08 05:03	0.8191	0.81913	0.81902	0.81905	24
2025.08.08 05:04	0.81905	0.81912	0.81904	0.81907	26
2025.08.08 05:05	0.81907	0.8192	0.81906	0.81913	24
2025.08.08 05:06	0.81915	0.81926	0.81914	0.81926	29
2025.08.08 05:07	0.81926	0.81926	0.81918	0.81919	32
2025.08.08 05:08	0.81919	0.81927	0.81917	0.81926	21
2025.08.08 05:09	0.81926	0.81926	0.81921	0.81921	10
2025.08.08 05:10	0.81924	0.81927	0.81919	0.81919	19
2025.08.08 05:11	0.8192	0.81921	0.81917	0.8192	11
2025.08.08 05:12	0.8192	0.81924	0.81919	0.81922	20
2025.08.08 05:13	0.81922	0.81922	0.81919	0.81921	7
2025.08.08 05:14	0.81918	0.81925	0.81909	0.81924	21
2025.08.08 05:15	0.81924	0.81934	0.81918	0.81933	18
2025.08.08 05:16	0.81932	0.81937	0.81931	0.81932	20
2025.08.08 05:17	0.81932	0.81939	0.81932	0.81934	14
2025.08.08 05:18	0.81934	0.81936	0.81927	0.81933	14
2025.08.08 05:19	0.81934	0.81937	0.81933	0.81935	13
2025.08.08 05:20	0.81936	0.81941	0.81933	0.81941	16
2025.08.08 05:21	0.81941	0.81948	0.81934	0.81936	25
2025.08.08 05:22	0.81936	0.81946	0.81936	0.81944	26
2025.08.08 05:23	0.81944	0.81947	0.8194	0.81941	18
2025.08.08 05:24	0.81941	0.81943	0.81934	0.81939	14
2025.08.08 05:25	0.81939	0.81948	0.81939	0.81944	19
2025.08.08 05:26	0.81944	0.81948	0.81944	0.81947	14
2025.08.08 05:27	0.81946	0.8195	0.81944	0.81944	11
2025.08.08 05:28	0.81942	0.81943	0.81928	0.8193	15
2025.08.08 05:29	0.8193	0.81933	0.81928	0.81933	8
2025.08.08 05:30	0.81933	0.81934	0.81925	0.81933	19
2025.08.08 05:31	0.81932	0.81932	0.81922	0.81929	17
2025.08.08 05:32	0.81929	0.81934	0.81923	0.81934	16
2025.08.08 05:33	0.81934	0.81938	0.81932	0.81938	9
2025.08.08 05:34	0.81938	0.81948	0.81937	0.81947	14
2025.08.08 05:35	0.81947	0.81948	0.81942	0.81944	11
2025.08.08 05:36	0.81944	0.81945	0.81937	0.81945	14
2025.08.08 05:37	0.81945	0.81948	0.81941	0.81947	24
2025.08.08 05:38	0.81947	0.81959	0.8194	0.81958	17
2025.08.08 05:39	0.81959	0.81972	0.81958	0.81972	26
2025.08.08 05:40	0.81972	0.81976	0.81971	0.81973	18
2025.08.08 05:41	0.81973	0.81974	0.81964	0.81965	15
2025.08.08 05:42	0.81965	0.81966	0.81958	0.81965	10
2025.08.08 05:43	0.81965	0.81966	0.8196	0.81966	13
2025.08.08 05:44	0.81963	0.81967	0.81961	0.81966	15
2025.08.08 05:45	0.81966	0.81969	0.81963	0.81968	20
2025.08.08 05:46	0.81968	0.81979	0.81968	0.81971	14
2025.08.08 05:47	0.8197	0.81974	0.8197	0.81973	20
2025.08.08 05:48	0.81973	0.81979	0.81973	0.81979	8
2025.08.08 05:49	0.81979	0.81979	0.81968	0.81971	15
2025.08.08 05:50	0.81971	0.81971	0.81962	0.81963	19
2025.08.08 05:51	0.81963	0.81965	0.81958	0.81964	16
2025.08.08 05:52	0.81964	0.81967	0.81952	0.81956	19
2025.08.08 05:53	0.81956	0.81956	0.81951	0.81954	11
2025.08.08 05:54	0.81954	0.81954	0.81951	0.81953	8
2025.08.08 05:55	0.81953	0.81956	0.81952	0.81956	14
2025.08.08 05:56	0.81956	0.81956	0.81949	0.81954	15
2025.08.08 05:57	0.81954	0.81954	0.8195	0.81951	16
2025.08.08 05:58	0.81951	0.81952	0.81948	0.81951	10
2025.08.08 05:59	0.8195	0.8195	0.81947	0.81949	16
2025.08.08 06:00	0.81949	0.81949	0.81924	0.81925	30
2025.08.08 06:01	0.81925	0.81933	0.81924	0.81931	26
2025.08.08 06:02	0.81931	0.81936	0.81929	0.81935	15
2025.08.08 06:03	0.81935	0.81935	0.81924	0.81926	6
2025.08.08 06:04	0.81921	0.81924	0.81919	0.81919	17
2025.08.08 06:05	0.81919	0.81921	0.81907	0.81908	20
2025.08.08 06:06	0.81908	0.81908	0.81902	0.81902	22
2025.08.08 06:07	0.81902	0.81916	0.81902	0.81912	35
2025.08.08 06:08	0.81912	0.81917	0.81911	0.81917	18
2025.08.08 06:09	0.81917	0.81918	0.81907	0.81907	12
2025.08.08 06:10	0.81907	0.81909	0.81891	0.81891	23
2025.08.08 06:11	0.81891	0.81891	0.81882	0.81885	8
2025.08.08 06:12	0.81885	0.81893	0.81885	0.81893	7
2025.08.08 06:13	0.81893	0.81896	0.81888	0.81889	18
2025.08.08 06:14	0.81889	0.8189	0.81885	0.81889	12
2025.08.08 06:15	0.81889	0.8189	0.81888	0.81889	11
2025.08.08 06:16	0.81889	0.81894	0.81884	0.81887	28
2025.08.08 06:17	0.81887	0.8189	0.81881	0.81881	17
2025.08.08 06:18	0.81881	0.81883	0.81876	0.81879	18
2025.08.08 06:19	0.81879	0.81885	0.81879	0.81884	15
2025.08.08 06:20	0.81884	0.81884	0.81878	0.81879	19
2025.08.08 06:21	0.81879	0.8188	0.81878	0.8188	10
2025.08.08 06:22	0.81878	0.81881	0.81876	0.81881	8
2025.08.08 06:23	0.81881	0.81883	0.81875	0.81878	9
2025.08.08 06:24	0.81878	0.81885	0.81878	0.81878	12
2025.08.08 06:25	0.81878	0.81881	0.81868	0.81869	11
2025.08.08 06:26	0.81869	0.81869	0.81865	0.81868	10
2025.08.08 06:27	0.81866	0.81879	0.81864	0.81879	25
2025.08.08 06:28	0.8188	0.81882	0.81876	0.81881	16
2025.08.08 06:29	0.81881	0.81881	0.81874	0.81874	20
2025.08.08 06:30	0.81874	0.81885	0.81872	0.81874	37
2025.08.08 06:31	0.81874	0.81876	0.8187	0.81876	19
2025.08.08 06:32	0.81876	0.81885	0.81876	0.8188	15
2025.08.08 06:33	0.8188	0.81888	0.8188	0.81887	15
2025.08.08 06:34	0.81887	0.81887	0.81883	0.81885	10
2025.08.08 06:35	0.81884	0.81884	0.81881	0.81882	5
2025.08.08 06:36	0.81882	0.81882	0.81874	0.81874	11
2025.08.08 06:37	0.81874	0.8188	0.81874	0.81878	8
2025.08.08 06:38	0.81878	0.81886	0.81878	0.81886	12
2025.08.08 06:39	0.81886	0.8189	0.81884	0.81885	16
2025.08.08 06:40	0.81885	0.81892	0.81885	0.81891	13
2025.08.08 06:41	0.81891	0.81894	0.81886	0.81892	18
2025.08.08 06:42	0.81892	0.81894	0.81889	0.81891	16
2025.08.08 06:43	0.8189	0.81897	0.81889	0.8189	20
2025.08.08 06:44	0.8189	0.81896	0.81888	0.81896	7
2025.08.08 06:45	0.81896	0.81896	0.8188	0.81887	13
2025.08.08 06:46	0.81886	0.81886	0.8188	0.8188	7
2025.08.08 06:47	0.81879	0.81886	0.81872	0.81885	15
2025.08.08 06:48	0.81886	0.81886	0.81883	0.81883	4
2025.08.08 06:49	0.81883	0.81892	0.81882	0.81889	6
2025.08.08 06:50	0.81889	0.81889	0.81879	0.8188	8
2025.08.08 06:51	0.8188	0.81881	0.81875	0.81881	11
2025.08.08 06:52	0.81875	0.8188	0.81875	0.81879	11
2025.08.08 06:53	0.81879	0.81881	0.81878	0.81879	11
2025.08.08 06:54	0.81879	0.8188	0.81874	0.81875	9
2025.08.08 06:55	0.81875	0.81878	0.81874	0.81874	8
2025.08.08 06:56	0.81874	0.8188	0.81868	0.81877	25
2025.08.08 06:57	0.81877	0.81882	0.81877	0.81878	19
2025.08.08 06:58	0.81878	0.81883	0.81876	0.81882	12
2025.08.08 06:59	0.81882	0.81883	0.81876	0.81876	9
2025.08.08 07:00	0.81876	0.81887	0.81875	0.81887	26
2025.08.08 07:01	0.81887	0.8189	0.81882	0.81883	17
2025.08.08 07:02	0.81883	0.81885	0.8188	0.81884	12
2025.08.08 07:03	0.81884	0.81884	0.81878	0.81883	20
2025.08.08 07:04	0.81883	0.81887	0.81882	0.81886	16
2025.08.08 07:05	0.81886	0.81889	0.81884	0.81887	9
2025.08.08 07:06	0.81889	0.8189	0.81885	0.81888	16
2025.08.08 07:07	0.81888	0.819	0.81887	0.81898	14
2025.08.08 07:08	0.81899	0.81912	0.81899	0.81912	11
2025.08.08 07:09	0.81909	0.81911	0.81903	0.81904	17
2025.08.08 07:10	0.81905	0.81908	0.81903	0.81905	17
2025.08.08 07:11	0.81905	0.81907	0.81905	0.81907	5
2025.08.08 07:12	0.81907	0.81912	0.81905	0.81906	10
2025.08.08 07:13	0.81906	0.81906	0.81898	0.81899	8
2025.08.08 07:14	0.81899	0.81906	0.81899	0.81906	9
2025.08.08 07:15	0.81906	0.81909	0.81899	0.81899	17
2025.08.08 07:16	0.81899	0.81906	0.81896	0.81905	24
2025.08.08 07:17	0.81905	0.81905	0.81902	0.81904	7
2025.08.08 07:18	0.81906	0.81912	0.81905	0.81909	7
2025.08.08 07:19	0.81908	0.81912	0.81906	0.81908	14
2025.08.08 07:20	0.81911	0.81919	0.81911	0.81919	6
2025.08.08 07:21	0.81919	0.81931	0.81918	0.81928	21
2025.08.08 07:22	0.81927	0.81927	0.81924	0.81924	4
2025.08.08 07:23	0.81924	0.81925	0.8192	0.81924	38
2025.08.08 07:24	0.81924	0.81924	0.81911	0.81913	22
2025.08.08 07:25	0.81913	0.81915	0.81912	0.81912	6
2025.08.08 07:26	0.81912	0.81914	0.81912	0.81913	6
2025.08.08 07:27	0.81913	0.81918	0.81906	0.81907	17
2025.08.08 07:28	0.81907	0.81912	0.81901	0.81901	28
2025.08.08 07:29	0.81901	0.81905	0.81901	0.81902	8
2025.08.08 07:30	0.81902	0.81902	0.81883	0.81885	23
2025.08.08 07:31	0.81881	0.81884	0.81877	0.81883	9
2025.08.08 07:32	0.81883	0.81885	0.81876	0.81876	8
2025.08.08 07:33	0.81876	0.81882	0.81875	0.81876	12
2025.08.08 07:34	0.81876	0.8188	0.81875	0.81876	10
2025.08.08 07:35	0.81876	0.81882	0.81875	0.81875	11
2025.08.08 07:36	0.81875	0.81882	0.81875	0.81882	13
2025.08.08 07:37	0.81882	0.81887	0.81881	0.81887	15
2025.08.08 07:38	0.81887	0.81893	0.81885	0.81891	12
2025.08.08 07:39	0.81891	0.81892	0.81887	0.81892	9
2025.08.08 07:40	0.81893	0.81894	0.81882	0.81886	29
2025.08.08 07:41	0.81886	0.8189	0.81884	0.81884	20
2025.08.08 07:42	0.81884	0.8189	0.81884	0.81888	12
2025.08.08 07:43	0.81888	0.81892	0.81888	0.81891	8
2025.08.08 07:44	0.81891	0.81893	0.81891	0.81893	3
2025.08.08 07:45	0.81893	0.81898	0.81888	0.81888	20
2025.08.08 07:46	0.81888	0.81891	0.81877	0.81878	12
2025.08.08 07:47	0.81877	0.81888	0.81877	0.81888	9
2025.08.08 07:48	0.81888	0.81889	0.81882	0.81884	15
2025.08.08 07:49	0.81884	0.81885	0.81878	0.8188	9
2025.08.08 07:50	0.8188	0.8189	0.8188	0.81888	15
2025.08.08 07:51	0.81888	0.81888	0.81887	0.81887	2
2025.08.08 07:52	0.81885	0.81887	0.81881	0.81883	17
2025.08.08 07:53	0.81883	0.81885	0.81871	0.81872	9
2025.08.08 07:54	0.81872	0.81872	0.81867	0.81872	9
2025.08.08 07:55	0.81872	0.81873	0.8186	0.81863	15
2025.08.08 07:56	0.81863	0.81864	0.81858	0.81862	16
2025.08.08 07:57	0.81862	0.81868	0.81854	0.81865	19
2025.08.08 07:58	0.81865	0.81871	0.81858	0.8186	14
2025.08.08 07:59	0.8186	0.81863	0.81857	0.81859	11
2025.08.08 08:00	0.8186	0.81866	0.8186	0.81864	23
2025.08.08 08:01	0.81865	0.81868	0.81862	0.81866	14
2025.08.08 08:02	0.81866	0.81874	0.81866	0.81873	22
2025.08.08 08:03	0.81873	0.81881	0.81872	0.81873	15
2025.08.08 08:04	0.81873	0.81873	0.81863	0.81864	8
2025.08.08 08:05	0.81864	0.81867	0.81862	0.81867	13
2025.08.08 08:06	0.81867	0.81871	0.81863	0.81863	13
2025.08.08 08:07	0.81863	0.81863	0.81855	0.81855	10
2025.08.08 08:08	0.81855	0.81855	0.8185	0.81851	7
2025.08.08 08:09	0.81851	0.81852	0.81849	0.81852	11
2025.08.08 08:10	0.81852	0.81852	0.81851	0.81851	4
2025.08.08 08:11	0.81853	0.81857	0.81853	0.81855	11
2025.08.08 08:12	0.81855	0.81856	0.81842	0.81845	10
2025.08.08 08:13	0.81845	0.81849	0.81839	0.81845	16
2025.08.08 08:14	0.81845	0.81848	0.81837	0.81842	23
2025.08.08 08:15	0.81842	0.81843	0.81834	0.81835	14
2025.08.08 08:16	0.81835	0.81835	0.81825	0.81825	17
2025.08.08 08:17	0.81827	0.81827	0.81822	0.81822	25
2025.08.08 08:18	0.81822	0.81833	0.81821	0.81833	23
2025.08.08 08:19	0.81833	0.81833	0.81829	0.81833	9
2025.08.08 08:20	0.81833	0.81839	0.81821	0.81839	25
2025.08.08 08:21	0.81839	0.81844	0.81838	0.81844	19
2025.08.08 08:22	0.81844	0.81854	0.81844	0.81854	20
2025.08.08 08:23	0.81854	0.81861	0.8185	0.81858	14
2025.08.08 08:24	0.81858	0.81863	0.81856	0.81859	28
2025.08.08 08:25	0.81859	0.8186	0.81857	0.81858	11
2025.08.08 08:26	0.81858	0.81858	0.81846	0.81851	19
2025.08.08 08:27	0.81851	0.81859	0.81851	0.81859	8
2025.08.08 08:28	0.81859	0.8186	0.81854	0.81858	28
2025.08.08 08:29	0.81859	0.81863	0.81854	0.81862	29
2025.08.08 08:30	0.81861	0.81878	0.81861	0.81874	17
2025.08.08 08:31	0.81874	0.81876	0.81872	0.81872	8
2025.08.08 08:32	0.81872	0.81875	0.81865	0.81869	18
2025.08.08 08:33	0.81869	0.81869	0.81859	0.81861	21
2025.08.08 08:34	0.81862	0.81865	0.81857	0.81861	26
2025.08.08 08:35	0.81861	0.81866	0.81856	0.81866	15
2025.08.08 08:36	0.81866	0.81873	0.81864	0.81872	37
2025.08.08 08:37	0.81872	0.81879	0.81872	0.81877	13
2025.08.08 08:38	0.81877	0.81879	0.8187	0.81873	18
2025.08.08 08:39	0.81873	0.81876	0.81869	0.81869	13
2025.08.08 08:40	0.81869	0.81869	0.8186	0.81861	14
2025.08.08 08:41	0.81861	0.81864	0.8186	0.81863	11
2025.08.08 08:42	0.81863	0.81863	0.81854	0.8186	24
2025.08.08 08:43	0.8186	0.81862	0.81856	0.8186	25
2025.08.08 08:44	0.8186	0.81863	0.81858	0.81863	12
2025.08.08 08:45	0.81864	0.81867	0.81863	0.81865	11
2025.08.08 08:46	0.81865	0.8187	0.81864	0.81869	16
2025.08.08 08:47	0.81869	0.81871	0.81866	0.81867	12
2025.08.08 08:48	0.81867	0.81868	0.81859	0.81866	11
2025.08.08 08:49	0.81866	0.81866	0.81855	0.81859	27
2025.08.08 08:50	0.81859	0.81886	0.81858	0.81885	17
2025.08.08 08:51	0.81885	0.81885	0.81879	0.8188	15
2025.08.08 08:52	0.8188	0.8188	0.81873	0.81875	9
2025.08.08 08:53	0.81875	0.81875	0.81869	0.81873	17
2025.08.08 08:54	0.81873	0.81882	0.81873	0.8188	11
2025.08.08 08:55	0.8188	0.81882	0.81873	0.81882	20
2025.08.08 08:56	0.81882	0.81882	0.81866	0.81866	20
2025.08.08 08:57	0.81866	0.81872	0.81866	0.81871	22
2025.08.08 08:58	0.8187	0.81876	0.8186	0.81861	40
2025.08.08 08:59	0.81861	0.81885	0.81861	0.81876	28
2025.08.08 09:00	0.81876	0.81881	0.81873	0.81873	19
2025.08.08 09:01	0.81875	0.81885	0.81873	0.81883	19
2025.08.08 09:02	0.81883	0.81889	0.81881	0.81887	19
2025.08.08 09:03	0.81889	0.81889	0.8188	0.81882	13
2025.08.08 09:04	0.81882	0.81884	0.81873	0.81884	26
2025.08.08 09:05	0.81884	0.81885	0.81869	0.81869	28
2025.08.08 09:06	0.81869	0.81883	0.81868	0.81879	24
2025.08.08 09:07	0.81878	0.8188	0.81871	0.81871	30
2025.08.08 09:08	0.81871	0.81875	0.81869	0.81873	18
2025.08.08 09:09	0.81875	0.81885	0.81873	0.81881	27
2025.08.08 09:10	0.8188	0.81883	0.81875	0.81881	32
2025.08.08 09:11	0.81883	0.81885	0.81878	0.81878	22
2025.08.08 09:12	0.81878	0.81885	0.81876	0.81876	21
2025.08.08 09:13	0.81876	0.81876	0.8187	0.81873	15
2025.08.08 09:14	0.81873	0.81883	0.81872	0.81881	18
2025.08.08 09:15	0.81881	0.81892	0.81881	0.81892	14
2025.08.08 09:16	0.81892	0.81895	0.81888	0.81894	13
2025.08.08 09:17	0.81894	0.81897	0.81888	0.81897	11
2025.08.08 09:18	0.81897	0.819	0.81883	0.81884	19
2025.08.08 09:19	0.81884	0.81885	0.81881	0.81883	16
2025.08.08 09:20	0.81881	0.81886	0.81876	0.81878	15
2025.08.08 09:21	0.81878	0.81883	0.81874	0.81875	16
2025.08.08 09:22	0.81875	0.81881	0.8187	0.81871	18
2025.08.08 09:23	0.81871	0.81876	0.81869	0.81871	9
2025.08.08 09:24	0.81871	0.81873	0.81865	0.81865	15
2025.08.08 09:25	0.81865	0.81865	0.81858	0.81859	7
2025.08.08 09:26	0.81859	0.8186	0.81852	0.81854	17
2025.08.08 09:27	0.81854	0.81877	0.81853	0.81873	26
2025.08.08 09:28	0.81873	0.81873	0.81864	0.81865	10
2025.08.08 09:29	0.81865	0.81866	0.8186	0.81863	15
2025.08.08 09:30	0.81863	0.81863	0.81853	0.81861	20
2025.08.08 09:31	0.81861	0.81867	0.81861	0.81867	7
2025.08.08 09:32	0.81867	0.81872	0.81865	0.81867	15
2025.08.08 09:33	0.81867	0.81869	0.81863	0.81863	9
2025.08.08 09:34	0.81864	0.81868	0.81862	0.81866	11
2025.08.08 09:35	0.81866	0.81868	0.81861	0.81865	14
2025.08.08 09:36	0.81865	0.8187	0.81864	0.81865	8
2025.08.08 09:37	0.81865	0.81867	0.81861	0.81864	13
2025.08.08 09:38	0.81864	0.81864	0.81858	0.81858	9
2025.08.08 09:39	0.81858	0.81863	0.81855	0.81862	12
2025.08.08 09:40	0.81862	0.81867	0.81859	0.81867	7
2025.08.08 09:41	0.81867	0.81873	0.81862	0.81863	12
2025.08.08 09:42	0.81861	0.81867	0.81858	0.81866	10
2025.08.08 09:43	0.81866	0.81871	0.81863	0.81871	12
2025.08.08 09:44	0.81869	0.81869	0.81865	0.81865	8
2025.08.08 09:45	0.81865	0.81865	0.81858	0.81858	10
2025.08.08 09:46	0.81859	0.81864	0.81855	0.81858	15
2025.08.08 09:47	0.81858	0.81861	0.81853	0.81861	15
2025.08.08 09:48	0.81861	0.8187	0.81861	0.8187	16
2025.08.08 09:49	0.8187	0.81875	0.81867	0.81874	27
2025.08.08 09:50	0.81873	0.81874	0.81864	0.81872	13
2025.08.08 09:51	0.81872	0.81876	0.81868	0.81869	13
2025.08.08 09:52	0.81869	0.81872	0.81868	0.8187	9
2025.08.08 09:53	0.8187	0.8188	0.81865	0.8188	12
2025.08.08 09:54	0.8188	0.8188	0.81876	0.81878	11
2025.08.08 09:55	0.81878	0.81892	0.81878	0.81888	11
2025.08.08 09:56	0.81888	0.81893	0.81888	0.81893	19
2025.08.08 09:57	0.81893	0.81894	0.81884	0.81884	17
2025.08.08 09:58	0.81884	0.81889	0.81879	0.81882	23
2025.08.08 09:59	0.81882	0.81882	0.81878	0.8188	12
2025.08.08 10:00	0.8188	0.81889	0.8188	0.81884	28
2025.08.08 10:01	0.81884	0.81887	0.81874	0.81881	22
2025.08.08 10:02	0.81881	0.81893	0.81878	0.81888	31
2025.08.08 10:03	0.81888	0.81898	0.81884	0.81896	19
2025.08.08 10:04	0.81896	0.81911	0.81896	0.81907	30
2025.08.08 10:05	0.81907	0.81922	0.81905	0.81922	20
2025.08.08 10:06	0.81922	0.8193	0.81917	0.81929	20
2025.08.08 10:07	0.81929	0.81942	0.81929	0.81939	18
2025.08.08 10:08	0.81939	0.81941	0.81934	0.81938	15
2025.08.08 10:09	0.81938	0.81946	0.81932	0.81941	28
2025.08.08 10:10	0.81941	0.81941	0.81925	0.81929	28
2025.08.08 10:11	0.81928	0.81928	0.81908	0.81913	24
2025.08.08 10:12	0.81913	0.81916	0.81905	0.81911	33
2025.08.08 10:13	0.81911	0.81919	0.8191	0.81914	20
2025.08.08 10:14	0.81914	0.81917	0.81908	0.81917	24
2025.08.08 10:15	0.81917	0.8192	0.81909	0.81914	37
2025.08.08 10:16	0.81914	0.81924	0.81913	0.8192	26
2025.08.08 10:17	0.8192	0.81931	0.81916	0.81928	22
2025.08.08 10:18	0.8193	0.81936	0.81926	0.81929	35
2025.08.08 10:19	0.8193	0.81935	0.81923	0.81925	31
2025.08.08 10:20	0.81925	0.81929	0.81921	0.81926	29
2025.08.08 10:21	0.81926	0.81928	0.81916	0.8192	31
2025.08.08 10:22	0.81916	0.81922	0.81915	0.81917	20
2025.08.08 10:23	0.81917	0.81917	0.81907	0.81908	15
2025.08.08 10:24	0.81908	0.81913	0.81904	0.81909	24
2025.08.08 10:25	0.81909	0.81913	0.81907	0.81908	13
2025.08.08 10:26	0.81908	0.81916	0.81904	0.81916	26
2025.08.08 10:27	0.81916	0.81919	0.81909	0.81912	36
2025.08.08 10:28	0.81912	0.81918	0.8191	0.81912	37
2025.08.08 10:29	0.81912	0.81912	0.81906	0.81908	15
2025.08.08 10:30	0.81908	0.81908	0.81898	0.81899	35
2025.08.08 10:31	0.81899	0.81901	0.81896	0.81899	17
2025.08.08 10:32	0.81899	0.81903	0.81897	0.81902	24
2025.08.08 10:33	0.81902	0.81909	0.81902	0.81904	27
2025.08.08 10:34	0.81904	0.81904	0.81895	0.81895	25
2025.08.08 10:35	0.81895	0.81896	0.81892	0.81894	11
2025.08.08 10:36	0.81894	0.81899	0.81894	0.81895	25
2025.08.08 10:37	0.81895	0.81903	0.81895	0.81902	18
2025.08.08 10:38	0.81902	0.81902	0.81895	0.81899	21
2025.08.08 10:39	0.81899	0.81902	0.81894	0.819	28
2025.08.08 10:40	0.819	0.81901	0.81896	0.81898	24
2025.08.08 10:41	0.81897	0.819	0.81892	0.819	13
2025.08.08 10:42	0.819	0.81908	0.81898	0.81906	14
2025.08.08 10:43	0.81906	0.81906	0.81884	0.81886	37
2025.08.08 10:44	0.81885	0.81885	0.8187	0.8187	39
2025.08.08 10:45	0.8187	0.81872	0.81865	0.81866	36
2025.08.08 10:46	0.81866	0.81878	0.81866	0.81878	16
2025.08.08 10:47	0.81878	0.8188	0.81872	0.81875	26
2025.08.08 10:48	0.81873	0.81887	0.81872	0.81881	40
2025.08.08 10:49	0.81881	0.81881	0.81867	0.81873	23
2025.08.08 10:50	0.81872	0.81879	0.81869	0.81876	34
2025.08.08 10:51	0.81876	0.81876	0.81867	0.81868	16
2025.08.08 10:52	0.81868	0.81874	0.81867	0.81873	13
2025.08.08 10:53	0.81874	0.81888	0.81873	0.81884	19
2025.08.08 10:54	0.81884	0.81888	0.81881	0.81888	25
2025.08.08 10:55	0.81888	0.81891	0.81881	0.81882	21
2025.08.08 10:56	0.81882	0.81885	0.81878	0.81881	24
2025.08.08 10:57	0.81881	0.81881	0.81874	0.81877	34
2025.08.08 10:58	0.81877	0.81878	0.81874	0.81874	20
2025.08.08 10:59	0.81874	0.81878	0.8187	0.81874	26
2025.08.08 11:00	0.81873	0.81873	0.81864	0.81873	34
2025.08.08 11:01	0.81873	0.8188	0.81869	0.81872	31
2025.08.08 11:02	0.81872	0.81884	0.81871	0.81874	36
2025.08.08 11:03	0.81874	0.81879	0.81868	0.81874	21
2025.08.08 11:04	0.81874	0.81874	0.81862	0.81863	27
2025.08.08 11:05	0.81863	0.81881	0.81863	0.81878	17
2025.08.08 11:06	0.81878	0.81885	0.81874	0.8188	23
2025.08.08 11:07	0.8188	0.81892	0.8188	0.81884	19
2025.08.08 11:08	0.81884	0.81885	0.81876	0.81878	16
2025.08.08 11:09	0.81877	0.8188	0.81876	0.81877	15
2025.08.08 11:10	0.81877	0.8189	0.81877	0.8189	16
2025.08.08 11:11	0.8189	0.81905	0.81885	0.81902	40
2025.08.08 11:12	0.81902	0.81909	0.81898	0.81907	23
2025.08.08 11:13	0.81907	0.81908	0.81903	0.81908	20
2025.08.08 11:14	0.81908	0.81909	0.81902	0.81902	19
2025.08.08 11:15	0.81902	0.81902	0.81882	0.81883	22
2025.08.08 11:16	0.81883	0.81894	0.81882	0.8189	22
2025.08.08 11:17	0.8189	0.81895	0.81885	0.81889	19
2025.08.08 11:18	0.81889	0.81904	0.81885	0.81904	21
2025.08.08 11:19	0.81904	0.81909	0.81902	0.81909	13
2025.08.08 11:20	0.81909	0.81912	0.81904	0.81912	13
2025.08.08 11:21	0.81912	0.81917	0.81905	0.81906	33
2025.08.08 11:22	0.81906	0.81906	0.81896	0.81905	20
2025.08.08 11:23	0.81905	0.81906	0.819	0.81901	10
2025.08.08 11:24	0.81901	0.81904	0.81896	0.81903	16
2025.08.08 11:25	0.81903	0.81903	0.81895	0.81897	16
2025.08.08 11:26	0.81897	0.81897	0.8189	0.81894	18
2025.08.08 11:27	0.81894	0.81894	0.81883	0.81889	14
2025.08.08 11:28	0.81889	0.81889	0.81878	0.81883	20
2025.08.08 11:29	0.81883	0.81883	0.81877	0.8188	14
2025.08.08 11:30	0.8188	0.8188	0.81863	0.81863	19
2025.08.08 11:31	0.81863	0.81863	0.81856	0.81856	19
2025.08.08 11:32	0.81855	0.81857	0.81849	0.81849	16
2025.08.08 11:33	0.81849	0.81849	0.81837	0.8184	18
2025.08.08 11:34	0.8184	0.8184	0.81829	0.81829	20
2025.08.08 11:35	0.81829	0.81829	0.81811	0.81816	27
2025.08.08 11:36	0.81816	0.81817	0.81809	0.8181	15
2025.08.08 11:37	0.8181	0.81812	0.81801	0.81806	14
2025.08.08 11:38	0.81806	0.81808	0.81805	0.81807	9
2025.08.08 11:39	0.81807	0.81807	0.81796	0.818	16
2025.08.08 11:40	0.818	0.81801	0.81789	0.81789	17
2025.08.08 11:41	0.81789	0.81795	0.81789	0.81794	19
2025.08.08 11:42	0.81794	0.81797	0.81792	0.81795	16
2025.08.08 11:43	0.81795	0.81797	0.81788	0.8179	14
2025.08.08 11:44	0.8179	0.81798	0.8179	0.81792	22
2025.08.08 11:45	0.81793	0.81794	0.81785	0.81789	31
2025.08.08 11:46	0.81789	0.81789	0.81774	0.81774	34
2025.08.08 11:47	0.81774	0.81776	0.81769	0.81769	23
2025.08.08 11:48	0.8177	0.81771	0.81754	0.81755	38
2025.08.08 11:49	0.81755	0.81755	0.81735	0.81735	41
2025.08.08 11:50	0.81735	0.81745	0.81726	0.8174	54
2025.08.08 11:51	0.8174	0.81754	0.81732	0.81754	40
2025.08.08 11:52	0.81753	0.81762	0.81753	0.81755	27
2025.08.08 11:53	0.81755	0.81763	0.81754	0.81762	19
2025.08.08 11:54	0.81762	0.81763	0.8174	0.81747	33
2025.08.08 11:55	0.81747	0.81751	0.81742	0.81751	26
2025.08.08 11:56	0.81751	0.81757	0.81748	0.81751	28
2025.08.08 11:57	0.81751	0.81751	0.81729	0.81732	37
2025.08.08 11:58	0.81731	0.81739	0.81727	0.81737	46
2025.08.08 11:59	0.81737	0.8175	0.81732	0.81748	44
2025.08.08 12:00	0.81748	0.81761	0.81748	0.81759	32
2025.08.08 12:01	0.81759	0.81761	0.81756	0.81757	31
2025.08.08 12:02	0.81757	0.81759	0.81751	0.81759	24
2025.08.08 12:03	0.81759	0.81767	0.81758	0.81767	29
2025.08.08 12:04	0.81766	0.81786	0.81761	0.81785	30
2025.08.08 12:05	0.81785	0.81785	0.81773	0.81773	13
2025.08.08 12:06	0.81773	0.81778	0.8177	0.81771	19
2025.08.08 12:07	0.81771	0.81773	0.81762	0.81768	21
2025.08.08 12:08	0.81768	0.81781	0.81768	0.81779	15
2025.08.08 12:09	0.81779	0.81785	0.81777	0.81785	9
2025.08.08 12:10	0.81785	0.81785	0.81777	0.8178	16
2025.08.08 12:11	0.8178	0.81783	0.81776	0.81778	15
2025.08.08 12:12	0.81778	0.81778	0.81767	0.81775	14
2025.08.08 12:13	0.81775	0.81782	0.81775	0.81779	10
2025.08.08 12:14	0.81779	0.81781	0.81777	0.81779	15
2025.08.08 12:15	0.81779	0.81779	0.8176	0.81769	21
2025.08.08 12:16	0.81769	0.81771	0.81756	0.8176	18
2025.08.08 12:17	0.8176	0.81764	0.81756	0.81757	21
2025.08.08 12:18	0.81757	0.81759	0.81751	0.81758	16
2025.08.08 12:19	0.81758	0.81763	0.81745	0.81748	26
2025.08.08 12:20	0.81748	0.81761	0.81748	0.81761	20
2025.08.08 12:21	0.81761	0.81764	0.81744	0.81745	24
2025.08.08 12:22	0.81745	0.81747	0.81731	0.81737	31
2025.08.08 12:23	0.81737	0.81749	0.81736	0.81744	37
2025.08.08 12:24	0.81744	0.81746	0.8174	0.81741	26
2025.08.08 12:25	0.81741	0.81747	0.81739	0.81744	31
2025.08.08 12:26	0.81744	0.81746	0.81737	0.81743	17
2025.08.08 12:27	0.81746	0.81752	0.81745	0.81749	18
2025.08.08 12:28	0.81749	0.81751	0.81745	0.81746	23
2025.08.08 12:29	0.81746	0.81751	0.81742	0.81744	24
2025.08.08 12:30	0.81744	0.8175	0.81739	0.81748	24
2025.08.08 12:31	0.81748	0.81761	0.81748	0.81761	20
2025.08.08 12:32	0.81761	0.81772	0.8176	0.81772	17
2025.08.08 12:33	0.81772	0.81772	0.8175	0.81753	12
2025.08.08 12:34	0.81753	0.81753	0.81746	0.81748	13
2025.08.08 12:35	0.81748	0.81754	0.81748	0.81754	11
2025.08.08 12:36	0.81756	0.81765	0.81752	0.81758	27
2025.08.08 12:37	0.81758	0.81758	0.81746	0.81746	24
2025.08.08 12:38	0.81746	0.81751	0.81742	0.81742	13
2025.08.08 12:39	0.81742	0.81745	0.81741	0.81745	26
2025.08.08 12:40	0.81745	0.8175	0.81741	0.81742	19
2025.08.08 12:41	0.81742	0.81755	0.81742	0.81755	9
2025.08.08 12:42	0.81755	0.81762	0.8175	0.81761	13
2025.08.08 12:43	0.81761	0.81761	0.81742	0.81743	20
2025.08.08 12:44	0.81743	0.81746	0.81733	0.81737	18
2025.08.08 12:45	0.81737	0.81746	0.81732	0.8174	20
2025.08.08 12:46	0.8174	0.8174	0.81729	0.81733	13
2025.08.08 12:47	0.81733	0.81735	0.81729	0.81732	13
2025.08.08 12:48	0.81732	0.81759	0.81732	0.81756	17
2025.08.08 12:49	0.81756	0.81764	0.81756	0.8176	17
2025.08.08 12:50	0.8176	0.81764	0.81753	0.81764	15
2025.08.08 12:51	0.81764	0.81771	0.81761	0.81771	13
2025.08.08 12:52	0.81771	0.81777	0.8177	0.81774	20
2025.08.08 12:53	0.81774	0.81776	0.81768	0.81774	12
2025.08.08 12:54	0.81774	0.81776	0.81769	0.81773	19
2025.08.08 12:55	0.81773	0.81778	0.81769	0.81769	13
2025.08.08 12:56	0.81769	0.81774	0.81767	0.8177	19
2025.08.08 12:57	0.8177	0.81771	0.8176	0.81761	25
2025.08.08 12:58	0.81761	0.81768	0.8175	0.81751	20
2025.08.08 12:59	0.81751	0.81757	0.81749	0.81749	19
2025.08.08 13:00	0.81749	0.81749	0.81742	0.81749	20
2025.08.08 13:01	0.81749	0.81749	0.81738	0.81746	20
2025.08.08 13:02	0.81746	0.81758	0.81744	0.81756	23
2025.08.08 13:03	0.81756	0.81757	0.81752	0.81752	14
2025.08.08 13:04	0.81752	0.81752	0.81746	0.8175	14
2025.08.08 13:05	0.8175	0.81759	0.8175	0.81759	12
2025.08.08 13:06	0.81759	0.81764	0.81759	0.81764	10
2025.08.08 13:07	0.81764	0.81782	0.81764	0.81779	21
2025.08.08 13:08	0.81779	0.81781	0.81774	0.8178	18
2025.08.08 13:09	0.81778	0.8179	0.81778	0.81788	15
2025.08.08 13:10	0.81786	0.81786	0.81775	0.81775	13
2025.08.08 13:11	0.81775	0.81776	0.81768	0.8177	15
2025.08.08 13:12	0.8177	0.81771	0.81768	0.81771	14
2025.08.08 13:13	0.81771	0.81772	0.81765	0.81766	10
2025.08.08 13:14	0.81766	0.81768	0.81763	0.81766	12
2025.08.08 13:15	0.81766	0.81767	0.81764	0.81764	7
2025.08.08 13:16	0.81764	0.81764	0.81756	0.81756	11
2025.08.08 13:17	0.81756	0.81757	0.81751	0.81752	14
2025.08.08 13:18	0.81752	0.81753	0.81745	0.81751	20
2025.08.08 13:19	0.81751	0.81755	0.81749	0.81753	12
2025.08.08 13:20	0.81753	0.8176	0.8175	0.8175	28
2025.08.08 13:21	0.8175	0.81755	0.8175	0.81755	8
2025.08.08 13:22	0.81754	0.81759	0.81752	0.81753	15
2025.08.08 13:23	0.81753	0.81754	0.8174	0.81745	17
2025.08.08 13:24	0.81745	0.81756	0.81745	0.81754	10
2025.08.08 13:25	0.81754	0.81756	0.81752	0.81752	5
2025.08.08 13:26	0.81752	0.81754	0.81747	0.81752	11
2025.08.08 13:27	0.81752	0.81752	0.81743	0.81743	11
2025.08.08 13:28	0.81743	0.81746	0.81739	0.81742	11
2025.08.08 13:29	0.81742	0.8175	0.81739	0.8175	12
2025.08.08 13:30	0.8175	0.81753	0.81745	0.81753	12
2025.08.08 13:31	0.81753	0.81754	0.81744	0.81747	22
2025.08.08 13:32	0.81747	0.81749	0.81742	0.81744	19
2025.08.08 13:33	0.81744	0.81749	0.81741	0.81749	19
2025.08.08 13:34	0.81749	0.81753	0.81748	0.81748	11
2025.08.08 13:35	0.81749	0.81751	0.81745	0.81746	15
2025.08.08 13:36	0.81746	0.81749	0.81742	0.81743	16
2025.08.08 13:37	0.81743	0.81744	0.8174	0.81742	11
2025.08.08 13:38	0.81741	0.81744	0.81738	0.8174	18
2025.08.08 13:39	0.8174	0.81743	0.8174	0.81743	11
2025.08.08 13:40	0.81744	0.81747	0.81742	0.81745	18
2025.08.08 13:41	0.81745	0.81751	0.81745	0.81749	10
2025.08.08 13:42	0.81749	0.81756	0.81749	0.81755	7
2025.08.08 13:43	0.81755	0.81757	0.81755	0.81757	4
2025.08.08 13:44	0.81756	0.81764	0.8175	0.81761	21
2025.08.08 13:45	0.81761	0.81769	0.81761	0.81768	13
2025.08.08 13:46	0.81768	0.81774	0.81767	0.8177	11
2025.08.08 13:47	0.8177	0.81777	0.81769	0.81776	8
2025.08.08 13:48	0.81776	0.81783	0.81773	0.81778	12
2025.08.08 13:49	0.81778	0.81781	0.81777	0.81778	8
2025.08.08 13:50	0.81778	0.81788	0.81774	0.81784	15
2025.08.08 13:51	0.81784	0.81793	0.81784	0.81793	10
2025.08.08 13:52	0.81792	0.81794	0.81788	0.81788	14
2025.08.08 13:53	0.81787	0.81796	0.81783	0.81796	26
2025.08.08 13:54	0.81796	0.81801	0.81795	0.81799	14
2025.08.08 13:55	0.81799	0.81802	0.8179	0.8179	19
2025.08.08 13:56	0.81789	0.81797	0.81778	0.81778	37
2025.08.08 13:57	0.81778	0.81784	0.81774	0.81776	39
2025.08.08 13:58	0.81776	0.81782	0.81771	0.81779	50
2025.08.08 13:59	0.81781	0.81782	0.81775	0.81777	37
2025.08.08 14:00	0.81777	0.81777	0.81764	0.81772	34
2025.08.08 14:01	0.81772	0.81778	0.81769	0.81774	15
2025.08.08 14:02	0.81774	0.81774	0.81767	0.81767	9
2025.08.08 14:03	0.81767	0.81771	0.81765	0.8177	14
2025.08.08 14:04	0.8177	0.81772	0.81767	0.81771	13
2025.08.08 14:05	0.81771	0.81776	0.81768	0.8177	13
2025.08.08 14:06	0.8177	0.81774	0.8177	0.81771	7
2025.08.08 14:07	0.81771	0.81776	0.81767	0.81774	21
2025.08.08 14:08	0.81774	0.81776	0.81771	0.81775	12
2025.08.08 14:09	0.81775	0.81781	0.8177	0.8177	12
2025.08.08 14:10	0.81774	0.81782	0.81774	0.81779	10
2025.08.08 14:11	0.81779	0.81783	0.81771	0.81777	22
2025.08.08 14:12	0.81777	0.81779	0.81773	0.81774	19
2025.08.08 14:13	0.81772	0.81774	0.81764	0.81769	20
2025.08.08 14:14	0.81769	0.81771	0.81765	0.81766	19
2025.08.08 14:15	0.81766	0.81768	0.81765	0.81767	13
2025.08.08 14:16	0.81767	0.81772	0.81766	0.81772	18
2025.08.08 14:17	0.81772	0.81772	0.81758	0.81764	31
2025.08.08 14:18	0.81764	0.81764	0.81758	0.81761	18
2025.08.08 14:19	0.81761	0.81778	0.81761	0.81778	18
2025.08.08 14:20	0.81779	0.81781	0.81769	0.81771	12
2025.08.08 14:21	0.81769	0.81776	0.81769	0.81771	14
2025.08.08 14:22	0.81769	0.81769	0.81759	0.81759	11
2025.08.08 14:23	0.81759	0.81759	0.81739	0.81743	40
2025.08.08 14:24	0.81743	0.81743	0.81734	0.81735	20
2025.08.08 14:25	0.81735	0.81742	0.81733	0.81742	15
2025.08.08 14:26	0.81742	0.81749	0.81738	0.81749	14
2025.08.08 14:27	0.81749	0.8176	0.81749	0.8176	8
2025.08.08 14:28	0.8176	0.81767	0.8176	0.81762	9
2025.08.08 14:29	0.81762	0.81767	0.81759	0.81767	12
2025.08.08 14:30	0.81767	0.81771	0.81757	0.81757	21
2025.08.08 14:31	0.81757	0.81766	0.81757	0.81763	17
2025.08.08 14:32	0.81763	0.81763	0.81758	0.81759	7
2025.08.08 14:33	0.81759	0.81769	0.81759	0.81768	10
2025.08.08 14:34	0.81768	0.81775	0.81768	0.8177	11
2025.08.08 14:35	0.8177	0.81776	0.81768	0.81776	10
2025.08.08 14:36	0.81776	0.8178	0.81769	0.8177	13
2025.08.08 14:37	0.8177	0.8177	0.81763	0.81763	9
2025.08.08 14:38	0.81763	0.81772	0.81763	0.81771	10
2025.08.08 14:39	0.81771	0.81774	0.81769	0.81769	7
2025.08.08 14:40	0.81769	0.81769	0.81767	0.81767	4
2025.08.08 14:41	0.81767	0.81772	0.81767	0.81769	15
2025.08.08 14:42	0.8177	0.81771	0.81761	0.81761	10
2025.08.08 14:43	0.81761	0.8177	0.81758	0.8177	15
2025.08.08 14:44	0.8177	0.81773	0.81768	0.8177	11
2025.08.08 14:45	0.8177	0.81771	0.81764	0.81764	15
2025.08.08 14:46	0.81764	0.81773	0.81764	0.81768	7
2025.08.08 14:47	0.81768	0.81779	0.81768	0.81779	6
2025.08.08 14:48	0.81779	0.81781	0.81767	0.81767	14
2025.08.08 14:49	0.81766	0.81771	0.81766	0.81766	10
2025.08.08 14:50	0.81766	0.81771	0.81765	0.81771	9
2025.08.08 14:51	0.81771	0.81771	0.81761	0.81763	8
2025.08.08 14:52	0.81763	0.81769	0.81763	0.81768	11
2025.08.08 14:53	0.81768	0.81779	0.81766	0.81769	24
2025.08.08 14:54	0.81769	0.81779	0.81769	0.81774	15
2025.08.08 14:55	0.81776	0.81783	0.81764	0.81781	18
2025.08.08 14:56	0.81781	0.81781	0.81773	0.81773	4
2025.08.08 14:57	0.81774	0.81781	0.81774	0.81778	11
2025.08.08 14:58	0.81778	0.81787	0.81776	0.81781	21
2025.08.08 14:59	0.81781	0.81789	0.81781	0.81786	12
2025.08.08 15:00	0.81786	0.81795	0.81784	0.81794	21
2025.08.08 15:01	0.81794	0.81796	0.81787	0.81788	15
2025.08.08 15:02	0.81788	0.818	0.81788	0.81793	18
2025.08.08 15:03	0.81793	0.818	0.81793	0.81797	20
2025.08.08 15:04	0.81797	0.818	0.81789	0.81789	13
2025.08.08 15:05	0.81789	0.81789	0.81784	0.81786	11
2025.08.08 15:06	0.81786	0.81799	0.81785	0.81798	24
2025.08.08 15:07	0.81798	0.81798	0.8179	0.8179	6
2025.08.08 15:08	0.8179	0.81792	0.81788	0.8179	10
2025.08.08 15:09	0.8179	0.81792	0.81788	0.81791	13
2025.08.08 15:10	0.81791	0.81793	0.81778	0.81786	25
2025.08.08 15:11	0.81786	0.81793	0.81786	0.81793	11
2025.08.08 15:12	0.81792	0.81792	0.81787	0.81788	15
2025.08.08 15:13	0.81788	0.81791	0.81784	0.81787	22
2025.08.08 15:14	0.81783	0.81791	0.81778	0.81779	31
2025.08.08 15:15	0.81781	0.81782	0.81775	0.81776	32
2025.08.08 15:16	0.81776	0.81782	0.81767	0.81769	30
2025.08.08 15:17	0.81769	0.81771	0.81766	0.81768	19
2025.08.08 15:18	0.81768	0.81771	0.81766	0.81768	17
2025.08.08 15:19	0.81765	0.8178	0.81765	0.81778	35
2025.08.08 15:20	0.81778	0.81781	0.81772	0.81777	20
2025.08.08 15:21	0.81778	0.81778	0.8177	0.81771	12
2025.08.08 15:22	0.81771	0.81775	0.81768	0.81772	24
2025.08.08 15:23	0.81772	0.81779	0.81765	0.81766	24
2025.08.08 15:24	0.81766	0.81769	0.81762	0.81769	15
2025.08.08 15:25	0.81769	0.81769	0.81762	0.81767	23
2025.08.08 15:26	0.81767	0.81777	0.81767	0.81772	15
2025.08.08 15:27	0.81772	0.81783	0.81772	0.81783	7
2025.08.08 15:28	0.81783	0.81805	0.81783	0.81805	18
2025.08.08 15:29	0.81805	0.8181	0.81801	0.81806	22
2025.08.08 15:30	0.81806	0.81877	0.81803	0.81865	173
2025.08.08 15:31	0.81867	0.81888	0.81858	0.81868	93
2025.08.08 15:32	0.8187	0.81893	0.81862	0.81893	60
2025.08.08 15:33	0.81893	0.81894	0.81878	0.81892	61
2025.08.08 15:34	0.81893	0.81905	0.81885	0.81885	61
2025.08.08 15:35	0.81885	0.81892	0.8188	0.81887	41
2025.08.08 15:36	0.81887	0.81896	0.81886	0.81895	36
2025.08.08 15:37	0.81895	0.81897	0.81873	0.8188	32
2025.08.08 15:38	0.8188	0.81882	0.81875	0.81881	31
2025.08.08 15:39	0.81881	0.81899	0.81874	0.81898	36
2025.08.08 15:40	0.81898	0.81905	0.81891	0.81891	41
2025.08.08 15:41	0.81891	0.81906	0.8189	0.81896	36
2025.08.08 15:42	0.81899	0.81902	0.81885	0.81889	29
2025.08.08 15:43	0.81888	0.81888	0.8187	0.81871	32
2025.08.08 15:44	0.81873	0.81881	0.81871	0.81871	22
2025.08.08 15:45	0.81871	0.81889	0.81871	0.81889	22
2025.08.08 15:46	0.81889	0.81896	0.81883	0.81884	56
2025.08.08 15:47	0.81884	0.8189	0.81883	0.81886	33
2025.08.08 15:48	0.81886	0.81886	0.81868	0.81884	56
2025.08.08 15:49	0.81884	0.81889	0.8188	0.81881	43
2025.08.08 15:50	0.81881	0.81883	0.81867	0.81867	40
2025.08.08 15:51	0.81863	0.81863	0.81852	0.8186	61
2025.08.08 15:52	0.8186	0.81861	0.81842	0.81845	39
2025.08.08 15:53	0.81845	0.81855	0.81844	0.81851	22
2025.08.08 15:54	0.81851	0.8186	0.81851	0.8186	31
2025.08.08 15:55	0.8186	0.81869	0.8186	0.81862	27
2025.08.08 15:56	0.8186	0.81875	0.8186	0.81866	46
2025.08.08 15:57	0.81866	0.81868	0.81858	0.81866	29
2025.08.08 15:58	0.81866	0.81879	0.81861	0.81877	29
2025.08.08 15:59	0.81877	0.81884	0.81873	0.81877	36
2025.08.08 16:00	0.81877	0.81888	0.81872	0.81884	49
2025.08.08 16:01	0.81884	0.81904	0.8188	0.81902	34
2025.08.08 16:02	0.81902	0.81908	0.81882	0.81882	36
2025.08.08 16:03	0.81882	0.81891	0.81882	0.81884	21
2025.08.08 16:04	0.81884	0.8189	0.81879	0.81879	23
2025.08.08 16:05	0.81878	0.81882	0.81873	0.81877	32
2025.08.08 16:06	0.81876	0.81886	0.81871	0.81886	31
2025.08.08 16:07	0.81886	0.81895	0.81882	0.81889	21
2025.08.08 16:08	0.81889	0.81897	0.81887	0.81897	16
2025.08.08 16:09	0.81896	0.81906	0.81894	0.81902	25
2025.08.08 16:10	0.81902	0.81911	0.81902	0.81908	22
2025.08.08 16:11	0.81908	0.81912	0.81902	0.81904	22
2025.08.08 16:12	0.81904	0.81906	0.81898	0.81902	13
2025.08.08 16:13	0.81902	0.81916	0.81902	0.81916	16
2025.08.08 16:14	0.81918	0.81918	0.8191	0.81916	16
2025.08.08 16:15	0.81916	0.81928	0.81913	0.81923	19
2025.08.08 16:16	0.81923	0.81933	0.81912	0.81913	36
2025.08.08 16:17	0.81913	0.81914	0.81905	0.81908	22
2025.08.08 16:18	0.81908	0.8191	0.81904	0.81907	23
2025.08.08 16:19	0.81907	0.81912	0.81898	0.81899	26
2025.08.08 16:20	0.81899	0.81906	0.81898	0.81902	12
2025.08.08 16:21	0.81902	0.81922	0.81902	0.81921	31
2025.08.08 16:22	0.81921	0.81929	0.81918	0.81927	21
2025.08.08 16:23	0.81924	0.81926	0.81909	0.81909	23
2025.08.08 16:24	0.81909	0.81919	0.81909	0.81919	11
2025.08.08 16:25	0.81919	0.81926	0.81915	0.81924	19
2025.08.08 16:26	0.81924	0.81926	0.81924	0.81926	7
2025.08.08 16:27	0.81926	0.81937	0.81926	0.81937	15
2025.08.08 16:28	0.8194	0.81944	0.81935	0.81939	16
2025.08.08 16:29	0.81937	0.81945	0.81937	0.81943	12
2025.08.08 16:30	0.81943	0.81943	0.81934	0.81943	48
2025.08.08 16:31	0.81943	0.8195	0.81942	0.81945	53
2025.08.08 16:32	0.81945	0.81945	0.81933	0.81934	31
2025.08.08 16:33	0.81934	0.81946	0.8193	0.81946	30
2025.08.08 16:34	0.81946	0.81955	0.8194	0.8194	22
2025.08.08 16:35	0.8194	0.81943	0.81931	0.81936	36
2025.08.08 16:36	0.81936	0.81944	0.81936	0.81939	12
2025.08.08 16:37	0.81939	0.81951	0.81938	0.81948	19
2025.08.08 16:38	0.81948	0.81957	0.81948	0.81954	17
2025.08.08 16:39	0.81954	0.81964	0.81954	0.8196	23
2025.08.08 16:40	0.8196	0.81969	0.8195	0.81964	30
2025.08.08 16:41	0.81964	0.81981	0.81964	0.81979	26
2025.08.08 16:42	0.81979	0.81986	0.81971	0.81972	28
2025.08.08 16:43	0.81972	0.81974	0.81944	0.81954	32
2025.08.08 16:44	0.8195	0.81952	0.81936	0.81939	27
2025.08.08 16:45	0.81939	0.81958	0.81939	0.81957	32
2025.08.08 16:46	0.81957	0.81967	0.81952	0.8196	21
2025.08.08 16:47	0.8196	0.81963	0.81953	0.81953	19
2025.08.08 16:48	0.81953	0.81953	0.81942	0.8195	20
2025.08.08 16:49	0.8195	0.81963	0.81942	0.81959	21
2025.08.08 16:50	0.81959	0.81959	0.81938	0.81943	41
2025.08.08 16:51	0.81942	0.81952	0.81936	0.81936	44
2025.08.08 16:52	0.81936	0.81941	0.81928	0.81935	31
2025.08.08 16:53	0.81935	0.81935	0.81921	0.81921	34
2025.08.08 16:54	0.81921	0.81924	0.81909	0.81915	32
2025.08.08 16:55	0.81915	0.81915	0.81905	0.81909	42
2025.08.08 16:56	0.81909	0.81923	0.81906	0.81909	38
2025.08.08 16:57	0.81909	0.81921	0.81905	0.81913	53
2025.08.08 16:58	0.81913	0.81913	0.81904	0.81906	44
2025.08.08 16:59	0.81906	0.81911	0.81895	0.81895	61
2025.08.08 17:00	0.81895	0.81895	0.81875	0.81881	79
2025.08.08 17:01	0.81881	0.81898	0.8188	0.81888	64
2025.08.08 17:02	0.81891	0.81894	0.81881	0.81883	73
2025.08.08 17:03	0.81883	0.819	0.81878	0.81897	42
2025.08.08 17:04	0.81896	0.81898	0.81886	0.81888	41
2025.08.08 17:05	0.81888	0.81894	0.81882	0.81894	50
2025.08.08 17:06	0.81896	0.81911	0.81893	0.81902	43
2025.08.08 17:07	0.81902	0.8191	0.81902	0.81905	27
2025.08.08 17:08	0.81905	0.81925	0.81899	0.81924	72
2025.08.08 17:09	0.81923	0.81937	0.81917	0.8193	65
2025.08.08 17:10	0.8193	0.81934	0.81921	0.81928	52
2025.08.08 17:11	0.81928	0.81931	0.81916	0.81917	32
2025.08.08 17:12	0.81915	0.81923	0.81904	0.81904	54
2025.08.08 17:13	0.81904	0.81905	0.81888	0.81892	44
2025.08.08 17:14	0.81892	0.81907	0.81892	0.81903	48
2025.08.08 17:15	0.81903	0.8191	0.81894	0.81907	44
2025.08.08 17:16	0.81907	0.81909	0.81897	0.81897	35
2025.08.08 17:17	0.81897	0.81908	0.81896	0.819	27
2025.08.08 17:18	0.81902	0.81905	0.81895	0.81899	29
2025.08.08 17:19	0.81898	0.81907	0.81893	0.81899	29
2025.08.08 17:20	0.81899	0.81916	0.81896	0.81915	45
2025.08.08 17:21	0.81915	0.81922	0.81903	0.81906	32
2025.08.08 17:22	0.81906	0.81911	0.819	0.819	30
2025.08.08 17:23	0.819	0.8191	0.819	0.81906	26
2025.08.08 17:24	0.81906	0.81906	0.81897	0.81897	19
2025.08.08 17:25	0.81897	0.81905	0.81894	0.819	18
2025.08.08 17:26	0.819	0.81901	0.81887	0.81888	17
2025.08.08 17:27	0.81888	0.81894	0.81883	0.81887	23
2025.08.08 17:28	0.81887	0.81887	0.81874	0.81878	27
2025.08.08 17:29	0.81878	0.81884	0.81878	0.8188	17
2025.08.08 17:30	0.8188	0.8189	0.81878	0.81889	20
2025.08.08 17:31	0.81889	0.819	0.81888	0.81899	25
2025.08.08 17:32	0.81899	0.81902	0.81891	0.81896	25
2025.08.08 17:33	0.81896	0.81902	0.81893	0.81902	21
2025.08.08 17:34	0.81902	0.81905	0.81897	0.81901	20
2025.08.08 17:35	0.81901	0.81905	0.81899	0.81905	15
2025.08.08 17:36	0.81905	0.81909	0.81887	0.81888	17
2025.08.08 17:37	0.81888	0.8189	0.81874	0.81876	41
2025.08.08 17:38	0.81876	0.81877	0.81869	0.81869	24
2025.08.08 17:39	0.81869	0.8187	0.81862	0.81863	35
2025.08.08 17:40	0.81862	0.81865	0.81851	0.81852	30
2025.08.08 17:41	0.81853	0.81853	0.8184	0.8184	36
2025.08.08 17:42	0.8184	0.81842	0.81836	0.8184	23
2025.08.08 17:43	0.81839	0.81853	0.81837	0.81853	31
2025.08.08 17:44	0.81853	0.81861	0.81853	0.81859	13
2025.08.08 17:45	0.81855	0.81863	0.81853	0.81853	18
2025.08.08 17:46	0.81853	0.81867	0.81853	0.81865	22
2025.08.08 17:47	0.81865	0.81866	0.81854	0.81856	15
2025.08.08 17:48	0.81856	0.8186	0.81854	0.81855	24
2025.08.08 17:49	0.81855	0.81855	0.81845	0.81852	27
2025.08.08 17:50	0.81852	0.81872	0.81851	0.81872	31
2025.08.08 17:51	0.81872	0.81872	0.81854	0.81854	21
2025.08.08 17:52	0.81854	0.81858	0.81846	0.81846	17
2025.08.08 17:53	0.81846	0.8185	0.81839	0.81839	16
2025.08.08 17:54	0.81839	0.81842	0.81834	0.81838	13
2025.08.08 17:55	0.81839	0.81842	0.81833	0.8184	27
2025.08.08 17:56	0.8184	0.81842	0.81836	0.81842	18
2025.08.08 17:57	0.81842	0.81842	0.81833	0.81837	23
2025.08.08 17:58	0.81838	0.81845	0.81834	0.81839	26
2025.08.08 17:59	0.81839	0.8185	0.81839	0.81847	19
2025.08.08 18:00	0.81847	0.8185	0.81843	0.81846	29
2025.08.08 18:01	0.81846	0.81853	0.81846	0.8185	27
2025.08.08 18:02	0.8185	0.81854	0.81843	0.81852	26
2025.08.08 18:03	0.81852	0.81856	0.81849	0.81853	16
2025.08.08 18:04	0.81853	0.81855	0.81848	0.81851	19
2025.08.08 18:05	0.8185	0.81862	0.8185	0.81862	14
2025.08.08 18:06	0.81862	0.8187	0.81861	0.81864	19
2025.08.08 18:07	0.81864	0.81875	0.81864	0.81874	15
2025.08.08 18:08	0.81874	0.81882	0.81871	0.81877	26
2025.08.08 18:09	0.81877	0.81892	0.81877	0.81892	16
2025.08.08 18:10	0.81892	0.81899	0.81887	0.81891	13
2025.08.08 18:11	0.81891	0.81891	0.81882	0.81887	14
2025.08.08 18:12	0.81887	0.8189	0.81883	0.81884	19
2025.08.08 18:13	0.81884	0.81889	0.81884	0.81885	16
2025.08.08 18:14	0.81885	0.81885	0.81878	0.8188	10
2025.08.08 18:15	0.8188	0.81882	0.81875	0.81878	16
2025.08.08 18:16	0.81878	0.8189	0.81878	0.81888	19
2025.08.08 18:17	0.81888	0.81897	0.81887	0.81897	16
2025.08.08 18:18	0.81897	0.81897	0.81889	0.81889	12
2025.08.08 18:19	0.81889	0.81894	0.81886	0.81893	12
2025.08.08 18:20	0.81896	0.81896	0.81888	0.81893	15
2025.08.08 18:21	0.81893	0.81895	0.81891	0.81895	8
2025.08.08 18:22	0.81895	0.81895	0.81888	0.81888	7
2025.08.08 18:23	0.81888	0.81888	0.81875	0.81875	18
2025.08.08 18:24	0.81875	0.81878	0.81873	0.81877	9
2025.08.08 18:25	0.81877	0.81877	0.81864	0.81864	14
2025.08.08 18:26	0.81863	0.81863	0.81856	0.81861	13
2025.08.08 18:27	0.81861	0.81863	0.81856	0.81857	23
2025.08.08 18:28	0.81857	0.81865	0.81857	0.81862	9
2025.08.08 18:29	0.81862	0.81864	0.8186	0.81862	7
2025.08.08 18:30	0.81861	0.81862	0.81852	0.81852	22
2025.08.08 18:31	0.81852	0.81856	0.81848	0.81852	15
2025.08.08 18:32	0.81852	0.81853	0.81848	0.81849	8
2025.08.08 18:33	0.81849	0.81851	0.81839	0.81847	14
2025.08.08 18:34	0.81847	0.8185	0.81842	0.81845	17
2025.08.08 18:35	0.81848	0.81849	0.81832	0.81841	28
2025.08.08 18:36	0.81841	0.81842	0.81834	0.81836	23
2025.08.08 18:37	0.81836	0.81854	0.81833	0.81851	37
2025.08.08 18:38	0.81849	0.81854	0.81844	0.81853	35
2025.08.08 18:39	0.81852	0.81858	0.81848	0.81858	36
2025.08.08 18:40	0.81858	0.81875	0.81858	0.81874	38
2025.08.08 18:41	0.81874	0.81885	0.81871	0.81873	34
2025.08.08 18:42	0.81873	0.81877	0.81867	0.81871	40
2025.08.08 18:43	0.81871	0.81876	0.81865	0.81873	24
2025.08.08 18:44	0.81873	0.81876	0.81867	0.81873	19
2025.08.08 18:45	0.81873	0.81874	0.81869	0.81869	13
2025.08.08 18:46	0.81869	0.8187	0.81862	0.81867	20
2025.08.08 18:47	0.81867	0.81876	0.81862	0.81874	17
2025.08.08 18:48	0.81874	0.81886	0.81873	0.81878	28
2025.08.08 18:49	0.81878	0.81886	0.81878	0.81882	25
2025.08.08 18:50	0.81882	0.81885	0.81876	0.81883	27
2025.08.08 18:51	0.81883	0.81897	0.81883	0.81889	22
2025.08.08 18:52	0.81889	0.81889	0.8188	0.81884	27
2025.08.08 18:53	0.81884	0.81885	0.81876	0.81885	14
2025.08.08 18:54	0.81885	0.81891	0.8188	0.81891	16
2025.08.08 18:55	0.81891	0.81891	0.81877	0.81882	21
2025.08.08 18:56	0.81882	0.81882	0.81878	0.8188	14
2025.08.08 18:57	0.8188	0.81882	0.81867	0.81867	13
2025.08.08 18:58	0.81867	0.81873	0.81863	0.8187	23
2025.08.08 18:59	0.8187	0.81872	0.81864	0.81867	18
2025.08.08 19:00	0.81863	0.81866	0.81859	0.81859	10
2025.08.08 19:01	0.81859	0.81872	0.81858	0.8187	18
2025.08.08 19:02	0.8187	0.81877	0.81865	0.8187	28
2025.08.08 19:03	0.81871	0.81874	0.8187	0.81873	11
2025.08.08 19:04	0.81873	0.81874	0.81865	0.81867	23
2025.08.08 19:05	0.81866	0.81869	0.81862	0.81867	15
2025.08.08 19:06	0.81867	0.81871	0.81859	0.81859	12
2025.08.08 19:07	0.81859	0.8186	0.81854	0.81858	14
2025.08.08 19:08	0.81858	0.81863	0.81857	0.81858	12
2025.08.08 19:09	0.81858	0.81862	0.8185	0.81852	30
2025.08.08 19:10	0.81852	0.81861	0.81852	0.81854	26
2025.08.08 19:11	0.81854	0.81859	0.81851	0.81854	17
2025.08.08 19:12	0.81854	0.81854	0.81838	0.81839	20
2025.08.08 19:13	0.81839	0.81847	0.81836	0.81847	14
2025.08.08 19:14	0.81847	0.81851	0.81836	0.81839	15
2025.08.08 19:15	0.81839	0.81839	0.81832	0.81836	23
2025.08.08 19:16	0.81836	0.81839	0.81833	0.81833	10
2025.08.08 19:17	0.81833	0.81851	0.81833	0.81851	14
2025.08.08 19:18	0.81851	0.81853	0.81851	0.81852	4
2025.08.08 19:19	0.81852	0.81856	0.81847	0.81847	14
2025.08.08 19:20	0.81847	0.81849	0.81836	0.81843	20
2025.08.08 19:21	0.81843	0.81848	0.81842	0.81845	12
2025.08.08 19:22	0.81845	0.81849	0.81843	0.81846	21
2025.08.08 19:23	0.81846	0.81849	0.81845	0.81846	11
2025.08.08 19:24	0.81846	0.81848	0.81827	0.81839	45
2025.08.08 19:25	0.81839	0.81844	0.81833	0.81836	38
2025.08.08 19:26	0.81836	0.81842	0.81835	0.81841	38
2025.08.08 19:27	0.81841	0.81841	0.8184	0.81841	7
2025.08.08 19:28	0.81841	0.81843	0.81835	0.81835	29
2025.08.08 19:29	0.81836	0.8184	0.81833	0.81835	25
2025.08.08 19:30	0.81835	0.81837	0.81832	0.81834	20
2025.08.08 19:31	0.81834	0.81847	0.81834	0.81843	18
2025.08.08 19:32	0.81842	0.81845	0.8184	0.81845	24
2025.08.08 19:33	0.81845	0.81846	0.81838	0.81838	15
2025.08.08 19:34	0.81838	0.81841	0.81837	0.8184	17
2025.08.08 19:35	0.8184	0.81841	0.81836	0.81839	10
2025.08.08 19:36	0.81839	0.81849	0.81839	0.81849	14
2025.08.08 19:37	0.81849	0.81849	0.8184	0.8184	30
2025.08.08 19:38	0.8184	0.81842	0.81833	0.81833	18
2025.08.08 19:39	0.81833	0.81836	0.81826	0.8183	20
2025.08.08 19:40	0.8183	0.81835	0.81828	0.81834	17
2025.08.08 19:41	0.81835	0.8184	0.81831	0.81832	30
2025.08.08 19:42	0.81832	0.81836	0.81831	0.81833	15
2025.08.08 19:43	0.81833	0.81834	0.81832	0.81833	13
2025.08.08 19:44	0.81833	0.81833	0.81828	0.81832	14
2025.08.08 19:45	0.81832	0.81835	0.81827	0.81834	22
2025.08.08 19:46	0.81834	0.81839	0.81828	0.81835	33
2025.08.08 19:47	0.81835	0.81839	0.81832	0.81839	21
2025.08.08 19:48	0.81839	0.81839	0.81829	0.8183	24
2025.08.08 19:49	0.81829	0.81831	0.81829	0.8183	9
2025.08.08 19:50	0.8183	0.81839	0.81824	0.81838	29
2025.08.08 19:51	0.81838	0.81838	0.8183	0.8183	12
2025.08.08 19:52	0.81835	0.81838	0.81831	0.81836	15
2025.08.08 19:53	0.81836	0.81838	0.81832	0.81832	22
2025.08.08 19:54	0.81832	0.81833	0.81826	0.81826	31
2025.08.08 19:55	0.81826	0.81831	0.81825	0.81831	21
2025.08.08 19:56	0.81831	0.81831	0.81825	0.81826	13
2025.08.08 19:57	0.81826	0.81826	0.81818	0.81819	18
2025.08.08 19:58	0.81819	0.8183	0.81819	0.81827	21
2025.08.08 19:59	0.81826	0.81828	0.81822	0.81828	13
2025.08.08 20:00	0.81828	0.81835	0.81826	0.81833	37
2025.08.08 20:01	0.81833	0.81835	0.81832	0.81834	15
2025.08.08 20:02	0.81836	0.81836	0.81827	0.81827	22
2025.08.08 20:03	0.8183	0.81833	0.81827	0.81832	18
2025.08.08 20:04	0.81832	0.81843	0.8183	0.81842	19
2025.08.08 20:05	0.81842	0.81842	0.81831	0.81831	22
2025.08.08 20:06	0.81831	0.81837	0.81828	0.81834	21
2025.08.08 20:07	0.81831	0.81832	0.81825	0.81831	29
2025.08.08 20:08	0.81832	0.81836	0.8183	0.81836	14
2025.08.08 20:09	0.81836	0.81849	0.81836	0.81847	19
2025.08.08 20:10	0.81847	0.81848	0.81844	0.81845	10
2025.08.08 20:11	0.81846	0.81846	0.81839	0.81845	19
2025.08.08 20:12	0.81845	0.81847	0.81843	0.81844	26
2025.08.08 20:13	0.81844	0.81852	0.81844	0.81852	17
2025.08.08 20:14	0.81852	0.81854	0.81852	0.81854	17
2025.08.08 20:15	0.81854	0.81859	0.81853	0.81859	16
2025.08.08 20:16	0.81859	0.8187	0.81859	0.8187	21
2025.08.08 20:17	0.8187	0.81874	0.81857	0.81859	33
2025.08.08 20:18	0.81859	0.81862	0.81857	0.81861	15
2025.08.08 20:19	0.8186	0.81868	0.8186	0.81868	20
2025.08.08 20:20	0.81868	0.81869	0.81867	0.81867	8
2025.08.08 20:21	0.81867	0.81869	0.81862	0.81867	17
2025.08.08 20:22	0.81867	0.81874	0.81862	0.81869	40
2025.08.08 20:23	0.81869	0.81873	0.81867	0.81868	25
2025.08.08 20:24	0.81868	0.81869	0.8186	0.81862	25
2025.08.08 20:25	0.81862	0.81867	0.81859	0.81867	17
2025.08.08 20:26	0.81867	0.81868	0.81862	0.81863	15
2025.08.08 20:27	0.81863	0.81863	0.81858	0.8186	16
2025.08.08 20:28	0.8186	0.81865	0.81859	0.81864	16
2025.08.08 20:29	0.81864	0.81869	0.81856	0.81856	30
2025.08.08 20:30	0.81856	0.81858	0.81852	0.81853	17
2025.08.08 20:31	0.81854	0.81859	0.81854	0.81858	11
2025.08.08 20:32	0.81858	0.81865	0.81858	0.81865	11
2025.08.08 20:33	0.81865	0.81866	0.81863	0.81865	11
2025.08.08 20:34	0.81865	0.81868	0.81863	0.81865	26
2025.08.08 20:35	0.81865	0.8187	0.81863	0.81863	25
2025.08.08 20:36	0.81863	0.81871	0.81863	0.81865	14
2025.08.08 20:37	0.81864	0.81871	0.81863	0.81866	22
2025.08.08 20:38	0.81866	0.81867	0.81864	0.81865	16
2025.08.08 20:39	0.81865	0.81866	0.81863	0.81865	17
2025.08.08 20:40	0.81865	0.81875	0.81864	0.81873	19
2025.08.08 20:41	0.81874	0.81875	0.81871	0.81871	7
2025.08.08 20:42	0.81871	0.81882	0.81871	0.81881	38
2025.08.08 20:43	0.81881	0.81884	0.8188	0.81881	19
2025.08.08 20:44	0.81881	0.81881	0.81873	0.81875	13
2025.08.08 20:45	0.81875	0.81882	0.81874	0.81879	19
2025.08.08 20:46	0.81879	0.8188	0.81873	0.81875	23
2025.08.08 20:47	0.81876	0.81876	0.81871	0.81873	20
2025.08.08 20:48	0.81873	0.81874	0.81872	0.81874	8
2025.08.08 20:49	0.81875	0.81875	0.8187	0.81871	9
2025.08.08 20:50	0.81871	0.81876	0.81869	0.81869	17
2025.08.08 20:51	0.81869	0.81871	0.81864	0.81865	15
2025.08.08 20:52	0.81865	0.81871	0.81864	0.81868	20
2025.08.08 20:53	0.81868	0.81868	0.81858	0.81861	28
2025.08.08 20:54	0.81861	0.81867	0.8186	0.81866	14
2025.08.08 20:55	0.81867	0.81868	0.81862	0.81867	24
2025.08.08 20:56	0.81867	0.81877	0.81865	0.81877	37
2025.08.08 20:57	0.81877	0.8188	0.81873	0.81879	21
2025.08.08 20:58	0.81879	0.8188	0.8187	0.81872	22
2025.08.08 20:59	0.81872	0.81876	0.81858	0.81858	59
2025.08.08 21:00	0.81858	0.81869	0.81848	0.81848	130
2025.08.08 21:01	0.81849	0.81861	0.81846	0.81858	103
2025.08.08 21:02	0.81858	0.81862	0.81851	0.81854	55
2025.08.08 21:03	0.81854	0.81862	0.81853	0.81862	23
2025.08.08 21:04	0.81862	0.81864	0.81851	0.81851	21
2025.08.08 21:05	0.81851	0.81862	0.81851	0.81859	25
2025.08.08 21:06	0.81862	0.81872	0.81857	0.8187	28
2025.08.08 21:07	0.8187	0.8187	0.81862	0.81868	14
2025.08.08 21:08	0.81868	0.81871	0.81863	0.81866	19
2025.08.08 21:09	0.81866	0.81871	0.81866	0.81868	14
2025.08.08 21:10	0.81868	0.81869	0.81868	0.81869	2
2025.08.08 21:11	0.81869	0.81872	0.81862	0.81863	11
2025.08.08 21:12	0.81863	0.81865	0.81863	0.81864	6
2025.08.08 21:13	0.81864	0.81877	0.81864	0.81872	27
2025.08.08 21:14	0.81872	0.81879	0.81872	0.81875	20
2025.08.08 21:15	0.81875	0.8188	0.81875	0.81876	27
2025.08.08 21:16	0.81876	0.81878	0.81872	0.81872	25
2025.08.08 21:17	0.81872	0.81879	0.81871	0.81879	27
2025.08.08 21:18	0.81879	0.81888	0.81879	0.81886	22
2025.08.08 21:19	0.81886	0.81889	0.81879	0.81889	15
2025.08.08 21:20	0.8189	0.81891	0.81875	0.81877	37
2025.08.08 21:21	0.81877	0.81877	0.81874	0.81876	11
2025.08.08 21:22	0.81876	0.81881	0.81871	0.8188	24
2025.08.08 21:23	0.8188	0.81882	0.81877	0.81882	23
2025.08.08 21:24	0.81882	0.81882	0.81877	0.81877	8
2025.08.08 21:25	0.81877	0.81885	0.81877	0.81883	9
2025.08.08 21:26	0.81883	0.81887	0.81883	0.81887	9
2025.08.08 21:27	0.81887	0.81888	0.81882	0.81882	11
2025.08.08 21:28	0.81882	0.81884	0.81877	0.81883	13
2025.08.08 21:29	0.81883	0.81887	0.81883	0.81887	7
2025.08.08 21:30	0.81887	0.81889	0.8188	0.8188	15
2025.08.08 21:31	0.8188	0.81886	0.8188	0.81882	14
2025.08.08 21:32	0.81882	0.81885	0.81879	0.81885	17
2025.08.08 21:33	0.81885	0.81895	0.81881	0.81895	31
2025.08.08 21:34	0.81894	0.81895	0.81887	0.81891	29
2025.08.08 21:35	0.81891	0.81891	0.81879	0.8188	31
2025.08.08 21:36	0.8188	0.8188	0.81875	0.81878	17
2025.08.08 21:37	0.81877	0.8188	0.81872	0.81876	25
2025.08.08 21:38	0.81879	0.8188	0.81874	0.81878	26
2025.08.08 21:39	0.81878	0.81881	0.81876	0.81876	10
2025.08.08 21:40	0.81876	0.8188	0.81874	0.81876	9
2025.08.08 21:41	0.81876	0.81879	0.81876	0.81876	14
2025.08.08 21:42	0.81874	0.81877	0.81873	0.81876	8
2025.08.08 21:43	0.81876	0.81881	0.81876	0.81879	12
2025.08.08 21:44	0.81879	0.81882	0.81875	0.81877	16
2025.08.08 21:45	0.81877	0.81878	0.81873	0.81873	17
2025.08.08 21:46	0.81873	0.81879	0.81873	0.81878	8
2025.08.08 21:47	0.81878	0.81878	0.81872	0.81873	9
2025.08.08 21:48	0.81873	0.81877	0.81872	0.81873	12
2025.08.08 21:49	0.81873	0.81876	0.81871	0.81871	5
2025.08.08 21:50	0.81871	0.81875	0.8187	0.8187	12
2025.08.08 21:51	0.8187	0.81874	0.8187	0.81873	7
2025.08.08 21:52	0.81873	0.81879	0.81872	0.81875	19
2025.08.08 21:53	0.81875	0.81881	0.81875	0.8188	18
2025.08.08 21:54	0.8188	0.81881	0.81878	0.8188	5
2025.08.08 21:55	0.8188	0.81884	0.81877	0.81884	11
2025.08.08 21:56	0.81884	0.8189	0.81883	0.8189	8
2025.08.08 21:57	0.8189	0.81896	0.8189	0.81896	8
2025.08.08 21:58	0.81897	0.819	0.81896	0.81896	11
2025.08.08 21:59	0.81896	0.81899	0.81883	0.81883	21
2025.08.08 22:00	0.81885	0.81887	0.81873	0.81873	15
2025.08.08 22:01	0.81872	0.81877	0.81871	0.81877	10
2025.08.08 22:02	0.81877	0.81878	0.81876	0.81878	5
2025.08.08 22:03	0.81878	0.81878	0.81865	0.81868	10
2025.08.08 22:04	0.81864	0.81864	0.81854	0.81855	8
2025.08.08 22:05	0.81855	0.8186	0.81854	0.81859	13
2025.08.08 22:06	0.81859	0.8186	0.81856	0.81858	9
2025.08.08 22:07	0.81859	0.8186	0.81856	0.81856	10
2025.08.08 22:08	0.81856	0.81858	0.81852	0.81857	15
2025.08.08 22:09	0.81857	0.81857	0.81851	0.81854	9
2025.08.08 22:10	0.81854	0.81855	0.81854	0.81855	6
2025.08.08 22:11	0.81855	0.81862	0.81854	0.81862	8
2025.08.08 22:12	0.81862	0.81867	0.81861	0.81862	5
2025.08.08 22:13	0.81862	0.81862	0.81859	0.81861	6
2025.08.08 22:14	0.81861	0.81862	0.81859	0.81862	7
2025.08.08 22:15	0.81862	0.81863	0.8186	0.81861	8
2025.08.08 22:16	0.81861	0.81863	0.81861	0.81862	6
2025.08.08 22:17	0.81862	0.81863	0.81861	0.81863	3
2025.08.08 22:18	0.81863	0.81863	0.81858	0.81858	4
2025.08.08 22:19	0.81856	0.81856	0.81852	0.81853	13
2025.08.08 22:20	0.81853	0.81855	0.81846	0.81854	11
2025.08.08 22:21	0.81854	0.81858	0.81851	0.81854	21
2025.08.08 22:22	0.81854	0.81854	0.81841	0.81841	19
2025.08.08 22:23	0.81841	0.81845	0.81838	0.81838	32
2025.08.08 22:24	0.81838	0.81839	0.81833	0.81837	21
2025.08.08 22:25	0.81837	0.81838	0.81829	0.81831	45
2025.08.08 22:26	0.81831	0.81831	0.81821	0.81821	25
2025.08.08 22:27	0.81821	0.81821	0.81811	0.81815	35
2025.08.08 22:28	0.81814	0.8182	0.81808	0.8182	29
2025.08.08 22:29	0.8182	0.8182	0.81816	0.81816	17
2025.08.08 22:30	0.81816	0.81816	0.81804	0.81811	37
2025.08.08 22:31	0.81811	0.81817	0.81809	0.81811	19
2025.08.08 22:32	0.81811	0.81813	0.81811	0.81813	19
2025.08.08 22:33	0.81812	0.81814	0.81809	0.81812	15
2025.08.08 22:34	0.81813	0.81819	0.8181	0.81815	17
2025.08.08 22:35	0.81815	0.8182	0.81814	0.8182	17
2025.08.08 22:36	0.8182	0.8182	0.81813	0.81816	13
2025.08.08 22:37	0.81816	0.81816	0.8181	0.81815	15
2025.08.08 22:38	0.81815	0.81818	0.81814	0.81814	15
2025.08.08 22:39	0.81814	0.81818	0.81814	0.81815	16
2025.08.08 22:40	0.81815	0.81824	0.81814	0.81819	23
2025.08.08 22:41	0.81819	0.81823	0.81816	0.81818	14
2025.08.08 22:42	0.81818	0.81826	0.81818	0.8182	16
2025.08.08 22:43	0.8182	0.81826	0.8182	0.81823	24
2025.08.08 22:44	0.81821	0.81823	0.81815	0.81816	22
2025.08.08 22:45	0.81816	0.8182	0.81813	0.8182	21
2025.08.08 22:46	0.8182	0.81827	0.81819	0.81827	15
2025.08.08 22:47	0.81827	0.81828	0.81825	0.81827	8
2025.08.08 22:48	0.81827	0.81827	0.8182	0.8182	11
2025.08.08 22:49	0.81823	0.81826	0.8182	0.8182	7
2025.08.08 22:50	0.8182	0.81833	0.81819	0.81833	22
2025.08.08 22:51	0.81833	0.81834	0.81828	0.81833	11
2025.08.08 22:52	0.81833	0.81836	0.81829	0.81833	18
2025.08.08 22:53	0.81834	0.81843	0.81833	0.81843	17
2025.08.08 22:54	0.81841	0.81843	0.81835	0.81841	21
2025.08.08 22:55	0.81841	0.81841	0.81832	0.81833	11
2025.08.08 22:56	0.81834	0.81834	0.81826	0.81827	23
2025.08.08 22:57	0.81827	0.81832	0.81827	0.81831	16
2025.08.08 22:58	0.81831	0.81831	0.81828	0.81829	12
2025.08.08 22:59	0.81828	0.81832	0.81827	0.81832	12
2025.08.08 23:00	0.81832	0.81839	0.81829	0.81833	19
2025.08.08 23:01	0.81833	0.81839	0.81829	0.81833	14
2025.08.08 23:02	0.81833	0.81833	0.81832	0.81832	2
2025.08.08 23:03	0.81832	0.81836	0.81832	0.81836	4
2025.08.08 23:04	0.81836	0.81842	0.81836	0.81842	6
2025.08.08 23:05	0.81841	0.81843	0.8183	0.8183	12
2025.08.08 23:06	0.81828	0.81829	0.81824	0.81829	6
2025.08.08 23:07	0.81828	0.81828	0.81824	0.81824	3
2025.08.08 23:08	0.81824	0.81826	0.8182	0.8182	7
2025.08.08 23:09	0.8182	0.81822	0.81819	0.81819	19
2025.08.08 23:10	0.81819	0.81823	0.81819	0.81823	3
2025.08.08 23:11	0.81823	0.81827	0.81823	0.81827	3
2025.08.08 23:12	0.81827	0.81827	0.81824	0.81824	4
2025.08.08 23:13	0.81824	0.81824	0.81823	0.81824	5
2025.08.08 23:14	0.81824	0.81824	0.81818	0.81818	24
2025.08.08 23:15	0.81815	0.81815	0.81809	0.81814	16
2025.08.08 23:16	0.81814	0.81816	0.81808	0.81808	7
2025.08.08 23:17	0.81807	0.81811	0.81805	0.81809	11
2025.08.08 23:18	0.81809	0.8181	0.81808	0.8181	8
2025.08.08 23:19	0.8181	0.8181	0.81799	0.81804	33
2025.08.08 23:20	0.81803	0.81812	0.81803	0.8181	26
2025.08.08 23:21	0.8181	0.81821	0.81806	0.81821	25
2025.08.08 23:22	0.81818	0.81832	0.81818	0.81832	19
2025.08.08 23:23	0.81829	0.8185	0.81829	0.81843	29
2025.08.08 23:24	0.81843	0.81849	0.81843	0.81847	16
2025.08.08 23:25	0.81848	0.81849	0.8184	0.81842	16
2025.08.08 23:26	0.81842	0.81857	0.81842	0.81857	47
2025.08.08 23:27	0.81857	0.81864	0.81855	0.81864	10
2025.08.08 23:28	0.81864	0.81869	0.81864	0.81866	7
2025.08.08 23:29	0.81866	0.81873	0.81862	0.81873	26
2025.08.08 23:30	0.81865	0.81877	0.8186	0.81877	11
2025.08.08 23:31	0.81876	0.81882	0.81876	0.81882	9
2025.08.08 23:32	0.81882	0.81882	0.81878	0.81882	4
2025.08.08 23:33	0.81882	0.81885	0.81881	0.81882	10
2025.08.08 23:34	0.81882	0.81887	0.81882	0.81885	8
2025.08.08 23:35	0.81885	0.81889	0.81878	0.81879	18
2025.08.08 23:36	0.81879	0.81879	0.81865	0.81874	14
2025.08.08 23:37	0.81874	0.8189	0.81874	0.8189	10
2025.08.08 23:38	0.8189	0.8189	0.81882	0.81883	29
2025.08.08 23:39	0.81883	0.8189	0.81882	0.8189	15
2025.08.08 23:40	0.8189	0.8189	0.81876	0.81881	8
2025.08.08 23:41	0.81881	0.81881	0.81873	0.81881	5
2025.08.08 23:42	0.81881	0.81881	0.81853	0.81865	12
2025.08.08 23:43	0.81865	0.81866	0.81858	0.81866	4
2025.08.08 23:44	0.81866	0.81866	0.81865	0.81866	3
2025.08.08 23:45	0.81866	0.81866	0.81849	0.81858	6
2025.08.08 23:46	0.81858	0.81858	0.81857	0.81858	3
2025.08.08 23:47	0.81858	0.81866	0.81858	0.81858	4
2025.08.08 23:48	0.81858	0.81858	0.8185	0.8185	4
2025.08.08 23:49	0.8185	0.81858	0.8185	0.81858	4
2025.08.08 23:50	0.81858	0.81866	0.81825	0.81849	20
2025.08.08 23:51	0.81849	0.81849	0.8184	0.81841	8
2025.08.08 23:52	0.81841	0.81849	0.81833	0.81841	24
2025.08.08 23:53	0.81841	0.81849	0.81841	0.81841	4
2025.08.08 23:54	0.81841	0.81849	0.8184	0.81841	6
2025.08.08 23:55	0.81841	0.81856	0.81832	0.81856	8
2025.08.08 23:56	0.81856	0.81864	0.81856	0.81864	2
2025.08.08 23:57	0.81864	0.81864	0.81856	0.81856	2
2025.08.08 23:58	0.81856	0.81872	0.81848	0.81864	20
2025.08.08 23:59	ERROR	ERROR	ERROR	ERROR	ERROR
